,x,y,tssite,region,cell,frame
0,563,294,False,Cytoplasm,1,0
1,632,297,False,Nucleus,1,0
2,277,797,False,Cytoplasm,2,4
3,222,1125,False,Cytoplasm,2,4
4,238,1237,False,Cytoplasm,2,4
5,657,385,False,Cytoplasm,1,4
6,247,785,False,Cytoplasm,2,4
7,358,896,False,Cytoplasm,2,4
8,1116,49,False,Cytoplasm,2,6
9,1229,128,False,Cytoplasm,2,6
10,1227,167,False,Cytoplasm,2,6
11,1207,169,False,Cytoplasm,2,6
12,1067,435,False,Cytoplasm,3,6
13,1030,471,False,Cytoplasm,3,6
14,973,483,False,Cytoplasm,3,6
15,951,484,False,Cytoplasm,3,6
16,1112,489,False,Cytoplasm,3,6
17,1061,492,False,Cytoplasm,3,6
18,1054,498,False,Cytoplasm,3,6
19,888,515,False,Cytoplasm,3,6
20,967,529,False,Cytoplasm,3,6
21,1021,533,False,Cytoplasm,3,6
22,825,533,False,Nucleus,3,6
23,962,533,False,Cytoplasm,3,6
24,812,534,False,Cytoplasm,3,6
25,895,542,False,Nucleus,3,6
26,1004,546,False,Cytoplasm,3,6
27,900,576,False,Nucleus,3,6
28,877,578,False,Nucleus,3,6
29,936,577,False,Nucleus,3,6
30,928,590,False,Nucleus,3,6
31,892,605,False,Nucleus,3,6
32,777,608,False,Nucleus,3,6
33,882,609,False,Nucleus,3,6
34,982,612,False,Cytoplasm,3,6
35,777,616,False,Nucleus,3,6
36,220,623,False,Cytoplasm,3,6
37,1053,626,False,Cytoplasm,3,6
38,607,636,False,Cytoplasm,3,6
39,453,638,False,Cytoplasm,3,6
40,1041,641,False,Cytoplasm,3,6
41,1175,646,False,Cytoplasm,3,6
42,731,648,False,Cytoplasm,3,6
43,1108,651,False,Cytoplasm,3,6
44,538,657,False,Cytoplasm,3,6
45,578,659,False,Cytoplasm,3,6
46,938,660,False,Nucleus,3,6
47,982,662,False,Cytoplasm,3,6
48,887,674,False,Nucleus,3,6
49,635,677,False,Cytoplasm,3,6
50,600,684,False,Cytoplasm,3,6
51,667,687,False,Cytoplasm,3,6
52,850,687,False,Cytoplasm,3,6
53,879,689,False,Cytoplasm,3,6
54,558,691,False,Cytoplasm,3,6
55,512,699,False,Cytoplasm,3,6
56,507,701,False,Cytoplasm,3,6
57,902,702,False,Cytoplasm,3,6
58,743,703,False,Cytoplasm,3,6
59,663,704,False,Cytoplasm,3,6
60,518,710,False,Cytoplasm,3,6
61,548,709,False,Cytoplasm,3,6
62,584,714,False,Cytoplasm,3,6
63,598,718,False,Cytoplasm,3,6
64,561,727,False,Cytoplasm,3,6
65,425,739,False,Cytoplasm,3,6
66,1192,755,False,Cytoplasm,3,6
67,384,761,False,Cytoplasm,3,6
68,436,767,False,Cytoplasm,3,6
69,1181,94,False,Cytoplasm,2,6
70,1054,451,False,Cytoplasm,3,6
71,967,555,False,Cytoplasm,3,6
72,878,578,False,Nucleus,3,6
73,807,585,False,Nucleus,3,6
74,563,604,False,Cytoplasm,3,6
75,955,620,False,Nucleus,3,6
76,1053,627,False,Cytoplasm,3,6
77,1176,646,False,Cytoplasm,3,6
78,1146,647,False,Cytoplasm,3,6
79,732,649,False,Cytoplasm,3,6
80,1233,660,False,Cytoplasm,3,6
81,622,661,False,Cytoplasm,3,6
82,642,677,False,Cytoplasm,3,6
83,880,690,False,Cytoplasm,3,6
84,820,695,False,Cytoplasm,3,6
85,1269,736,False,Cytoplasm,3,6
86,1057,738,False,Cytoplasm,3,6
87,1458,249,False,Cytoplasm,2,6
88,1136,386,False,Cytoplasm,3,6
89,930,487,False,Cytoplasm,3,6
90,943,490,False,Cytoplasm,3,6
91,1065,499,False,Cytoplasm,3,6
92,1063,499,False,Cytoplasm,3,6
93,946,517,False,Cytoplasm,3,6
94,945,518,False,Cytoplasm,3,6
95,1057,522,False,Cytoplasm,3,6
96,962,534,False,Cytoplasm,3,6
97,1063,535,False,Cytoplasm,3,6
98,1052,536,False,Cytoplasm,3,6
99,872,542,False,Nucleus,3,6
100,1019,562,False,Cytoplasm,3,6
101,1019,562,False,Cytoplasm,3,6
102,1139,560,False,Cytoplasm,3,6
103,944,565,False,Nucleus,3,6
104,1050,580,False,Cytoplasm,3,6
105,1052,579,False,Cytoplasm,3,6
106,824,592,False,Nucleus,3,6
107,819,606,False,Nucleus,3,6
108,1034,607,False,Cytoplasm,3,6
109,1090,609,False,Cytoplasm,3,6
110,883,610,False,Nucleus,3,6
111,768,614,False,Nucleus,3,6
112,767,616,False,Nucleus,3,6
113,770,613,False,Nucleus,3,6
114,767,614,False,Nucleus,3,6
115,804,612,False,Nucleus,3,6
116,671,619,False,Cytoplasm,3,6
117,1113,620,False,Cytoplasm,3,6
118,660,629,False,Cytoplasm,3,6
119,659,628,False,Cytoplasm,3,6
120,577,630,False,Cytoplasm,3,6
121,704,631,False,Cytoplasm,3,6
122,676,634,False,Cytoplasm,3,6
123,1197,641,False,Cytoplasm,3,6
124,1196,640,False,Cytoplasm,3,6
125,579,652,False,Cytoplasm,3,6
126,901,657,False,Nucleus,3,6
127,902,656,False,Nucleus,3,6
128,903,658,False,Nucleus,3,6
129,887,658,False,Nucleus,3,6
130,696,665,False,Cytoplasm,3,6
131,370,668,False,Cytoplasm,3,6
132,371,666,False,Cytoplasm,3,6
133,613,670,False,Cytoplasm,3,6
134,859,676,False,Nucleus,3,6
135,676,678,False,Cytoplasm,3,6
136,809,679,False,Nucleus,3,6
137,809,679,False,Nucleus,3,6
138,959,682,False,Cytoplasm,3,6
139,763,685,False,Cytoplasm,3,6
140,1255,688,False,Cytoplasm,3,6
141,707,691,False,Cytoplasm,3,6
142,762,692,False,Cytoplasm,3,6
143,761,692,False,Cytoplasm,3,6
144,445,694,False,Cytoplasm,3,6
145,446,695,False,Cytoplasm,3,6
146,640,701,False,Cytoplasm,3,6
147,744,703,False,Cytoplasm,3,6
148,429,707,False,Cytoplasm,3,6
149,569,720,False,Cytoplasm,3,6
150,1193,755,False,Cytoplasm,3,6
151,1702,469,False,Cytoplasm,1,7
152,1446,825,False,Cytoplasm,2,7
153,1468,893,False,Cytoplasm,2,7
154,1479,951,False,Cytoplasm,2,7
155,1408,1001,False,Cytoplasm,2,7
156,1354,1106,False,Cytoplasm,2,7
157,1380,1123,False,Cytoplasm,2,7
158,1491,1131,False,Cytoplasm,2,7
159,1598,1212,False,Cytoplasm,2,7
160,1516,1225,False,Cytoplasm,2,7
161,1427,1230,False,Nucleus,2,7
162,1525,1237,False,Cytoplasm,2,7
163,1418,1242,False,Nucleus,2,7
164,1505,1252,False,Cytoplasm,2,7
165,1426,1261,False,Nucleus,2,7
166,1554,1286,False,Cytoplasm,2,7
167,1509,1293,False,Cytoplasm,2,7
168,1294,1306,False,Cytoplasm,2,7
169,1498,1316,False,Nucleus,2,7
170,1563,1331,False,Cytoplasm,2,7
171,1412,1344,False,Nucleus,2,7
172,1445,1347,False,Nucleus,2,7
173,1523,1347,False,Cytoplasm,2,7
174,1458,1348,False,Nucleus,2,7
175,1493,1372,False,Cytoplasm,2,7
176,1453,1400,False,Nucleus,2,7
177,1297,1402,False,Cytoplasm,2,7
178,1490,1421,False,Cytoplasm,2,7
179,1296,1429,False,Cytoplasm,2,7
180,1337,1445,False,Cytoplasm,2,7
181,1416,1455,False,Cytoplasm,2,7
182,1375,1459,False,Cytoplasm,2,7
183,1334,1467,False,Cytoplasm,2,7
184,1230,1474,False,Cytoplasm,2,7
185,1267,1475,False,Cytoplasm,2,7
186,1266,1523,False,Cytoplasm,2,7
187,1575,1145,False,Cytoplasm,2,7
188,1271,1352,False,Cytoplasm,2,7
189,1661,438,False,Nucleus,1,7
190,1354,918,False,Cytoplasm,2,7
191,1352,919,False,Cytoplasm,2,7
192,1392,1017,False,Cytoplasm,2,7
193,1490,1034,False,Cytoplasm,2,7
194,1493,1087,False,Cytoplasm,2,7
195,1493,1088,False,Cytoplasm,2,7
196,1368,1100,False,Cytoplasm,2,7
197,1368,1099,False,Cytoplasm,2,7
198,1361,1118,False,Cytoplasm,2,7
199,1481,1136,False,Cytoplasm,2,7
200,1481,1136,False,Cytoplasm,2,7
201,1417,1139,False,Cytoplasm,2,7
202,1446,1144,False,Cytoplasm,2,7
203,1445,1155,False,Cytoplasm,2,7
204,1476,1180,False,Cytoplasm,2,7
205,1529,1188,False,Cytoplasm,2,7
206,1357,1190,False,Cytoplasm,2,7
207,1360,1190,False,Cytoplasm,2,7
208,1393,1211,False,Cytoplasm,2,7
209,1471,1211,False,Cytoplasm,2,7
210,1424,1220,False,Cytoplasm,2,7
211,1419,1243,False,Nucleus,2,7
212,1510,1272,False,Cytoplasm,2,7
213,1519,1272,False,Cytoplasm,2,7
214,1262,1295,False,Cytoplasm,2,7
215,1438,1299,False,Nucleus,2,7
216,1588,1305,False,Cytoplasm,2,7
217,1296,1317,False,Cytoplasm,2,7
218,1440,1320,False,Nucleus,2,7
219,1520,1321,False,Cytoplasm,2,7
220,1359,1324,False,Nucleus,2,7
221,1448,1325,False,Nucleus,2,7
222,1289,1327,False,Cytoplasm,2,7
223,1450,1330,False,Nucleus,2,7
224,1446,1329,False,Nucleus,2,7
225,1251,1331,False,Cytoplasm,2,7
226,1252,1331,False,Cytoplasm,2,7
227,1402,1334,False,Nucleus,2,7
228,1533,1351,False,Cytoplasm,2,7
229,1308,1360,False,Cytoplasm,2,7
230,1283,1379,False,Cytoplasm,2,7
231,1281,1378,False,Cytoplasm,2,7
232,1516,1390,False,Cytoplasm,2,7
233,1558,1396,False,Cytoplasm,2,7
234,1380,1398,False,Nucleus,2,7
235,1387,1421,False,Nucleus,2,7
236,1392,1448,False,Cytoplasm,2,7
237,1344,1499,False,Cytoplasm,2,7
238,1343,1501,False,Cytoplasm,2,7
239,1682,919,False,Cytoplasm,1,12
240,1661,1013,False,Nucleus,1,12
241,1713,1026,False,Nucleus,1,12
242,1533,1109,False,Cytoplasm,1,12
243,1682,920,False,Cytoplasm,1,12
244,1674,1006,False,Nucleus,1,12
245,1224,1063,False,Cytoplasm,1,13
246,1251,1099,False,Nucleus,1,13
247,1210,1044,False,Cytoplasm,1,13
248,1247,1117,False,Nucleus,1,13
249,1202,1278,False,Cytoplasm,1,13
250,1379,1087,False,Cytoplasm,1,14
251,1296,1091,False,Cytoplasm,1,14
252,1541,1105,False,Cytoplasm,1,14
253,1498,1033,False,Cytoplasm,1,15
254,342,1033,False,Cytoplasm,1,16
255,928,571,False,Cytoplasm,1,18
256,1334,586,False,Cytoplasm,1,18
257,809,624,False,Cytoplasm,1,18
258,1035,639,False,Cytoplasm,1,18
259,1185,649,False,Nucleus,1,18
260,1151,521,False,Cytoplasm,1,18
261,1238,535,False,Cytoplasm,1,18
262,772,613,False,Cytoplasm,1,18
263,1236,649,False,Cytoplasm,1,18
264,1185,650,False,Nucleus,1,18
265,1268,650,False,Cytoplasm,1,18
266,515,303,False,Cytoplasm,1,20
267,498,369,False,Cytoplasm,1,20
268,368,390,False,Cytoplasm,2,20
269,634,429,False,Nucleus,1,20
270,731,432,False,Cytoplasm,1,20
271,592,437,False,Nucleus,1,20
272,557,437,False,Nucleus,1,20
273,729,442,False,Cytoplasm,1,20
274,716,450,False,Nucleus,1,20
275,746,451,False,Cytoplasm,1,20
276,758,454,False,Cytoplasm,1,20
277,394,465,False,Cytoplasm,2,20
278,747,466,False,Cytoplasm,1,20
279,758,467,False,Cytoplasm,1,20
280,712,469,False,Cytoplasm,1,20
281,602,477,False,Cytoplasm,1,20
282,711,480,False,Cytoplasm,1,20
283,764,482,False,Cytoplasm,1,20
284,744,484,False,Cytoplasm,1,20
285,809,489,False,Cytoplasm,1,20
286,758,494,False,Cytoplasm,1,20
287,736,495,False,Cytoplasm,1,20
288,646,496,False,Cytoplasm,1,20
289,809,499,False,Cytoplasm,1,20
290,805,520,False,Cytoplasm,1,20
291,846,524,False,Cytoplasm,1,20
292,372,537,False,Nucleus,2,20
293,888,555,False,Cytoplasm,1,20
294,899,561,False,Cytoplasm,1,20
295,885,567,False,Cytoplasm,1,20
296,115,582,False,Cytoplasm,2,20
297,948,599,False,Cytoplasm,1,20
298,413,604,False,Cytoplasm,2,20
299,273,619,False,Nucleus,2,20
300,498,620,False,Cytoplasm,2,20
301,402,633,False,Cytoplasm,2,20
302,194,690,False,Cytoplasm,2,20
303,316,719,False,Cytoplasm,2,20
304,558,727,False,Cytoplasm,2,20
305,412,729,False,Cytoplasm,2,20
306,915,778,False,Cytoplasm,3,20
307,1072,780,False,Cytoplasm,3,20
308,526,785,False,Cytoplasm,2,20
309,1025,807,False,Cytoplasm,3,20
310,1171,847,False,Cytoplasm,3,20
311,1128,885,False,Nucleus,3,20
312,1067,900,False,Nucleus,3,20
313,1081,920,False,Nucleus,3,20
314,1070,924,False,Nucleus,3,20
315,929,930,False,Cytoplasm,3,20
316,1072,941,False,Nucleus,3,20
317,827,943,False,Cytoplasm,3,20
318,902,960,False,Cytoplasm,3,20
319,1015,993,False,Cytoplasm,3,20
320,964,1010,False,Cytoplasm,3,20
321,656,413,False,Nucleus,1,20
322,899,562,False,Cytoplasm,1,20
323,958,601,False,Cytoplasm,1,20
324,377,764,False,Cytoplasm,2,20
325,1072,781,False,Cytoplasm,3,20
326,1071,856,False,Nucleus,3,20
327,642,393,False,Nucleus,1,20
328,637,479,False,Nucleus,1,20
329,787,488,False,Cytoplasm,1,20
330,786,487,False,Cytoplasm,1,20
331,768,503,False,Cytoplasm,1,20
332,771,503,False,Cytoplasm,1,20
333,784,508,False,Cytoplasm,1,20
334,805,515,False,Cytoplasm,1,20
335,815,523,False,Cytoplasm,1,20
336,819,525,False,Cytoplasm,1,20
337,841,526,False,Cytoplasm,1,20
338,480,543,False,Cytoplasm,2,20
339,249,558,False,Nucleus,2,20
340,912,559,False,Cytoplasm,1,20
341,934,569,False,Cytoplasm,1,20
342,550,592,False,Cytoplasm,2,20
343,914,592,False,Cytoplasm,1,20
344,294,724,False,Cytoplasm,2,20
345,1133,807,False,Nucleus,3,20
346,1134,808,False,Nucleus,3,20
347,1134,807,False,Nucleus,3,20
348,1132,808,False,Nucleus,3,20
349,1134,808,False,Nucleus,3,20
350,1126,827,False,Nucleus,3,20
351,966,832,False,Cytoplasm,3,20
352,965,831,False,Cytoplasm,3,20
353,1015,873,False,Nucleus,3,20
354,1012,882,False,Nucleus,3,20
355,1015,879,False,Nucleus,3,20
356,1012,883,False,Nucleus,3,20
357,1015,879,False,Nucleus,3,20
358,1010,884,False,Nucleus,3,20
359,1012,904,False,Nucleus,3,20
360,972,922,False,Cytoplasm,3,20
361,1029,937,False,Nucleus,3,20
362,1028,937,False,Nucleus,3,20
363,1029,937,False,Nucleus,3,20
364,1028,938,False,Nucleus,3,20
365,1030,939,False,Nucleus,3,20
366,1030,935,False,Nucleus,3,20
367,1027,935,False,Nucleus,3,20
368,1028,938,False,Nucleus,3,20
369,1030,939,False,Nucleus,3,20
370,1030,935,False,Nucleus,3,20
371,1027,935,False,Nucleus,3,20
372,1030,938,False,Nucleus,3,20
373,1027,935,False,Nucleus,3,20
374,702,961,False,Cytoplasm,3,20
375,1661,602,False,Cytoplasm,2,21
376,1560,637,False,Cytoplasm,2,21
377,1601,663,False,Cytoplasm,2,21
378,1532,721,False,Cytoplasm,2,21
379,1536,733,False,Cytoplasm,2,21
380,1521,735,False,Cytoplasm,2,21
381,1594,751,False,Cytoplasm,2,21
382,1504,765,False,Nucleus,2,21
383,1415,813,False,Cytoplasm,2,21
384,1301,816,False,Cytoplasm,2,21
385,1302,841,False,Cytoplasm,2,21
386,1536,844,False,Nucleus,2,21
387,1468,851,False,Cytoplasm,2,21
388,1548,854,False,Nucleus,2,21
389,1378,866,False,Cytoplasm,2,21
390,1576,895,False,Nucleus,2,21
391,1502,899,False,Nucleus,2,21
392,1520,927,False,Nucleus,2,21
393,1520,976,False,Cytoplasm,2,21
394,1551,995,False,Cytoplasm,2,21
395,1626,1023,False,Cytoplasm,2,21
396,1496,1028,False,Cytoplasm,2,21
397,1632,1035,False,Cytoplasm,2,21
398,1748,1147,False,Cytoplasm,2,21
399,1281,1204,False,Cytoplasm,1,21
400,1283,1248,False,Cytoplasm,1,21
401,1196,1395,False,Cytoplasm,1,21
402,1240,1404,False,Cytoplasm,1,21
403,1153,1518,False,Cytoplasm,1,21
404,1600,465,False,Cytoplasm,2,21
405,1532,722,False,Cytoplasm,2,21
406,1379,812,False,Cytoplasm,2,21
407,1426,874,False,Cytoplasm,2,21
408,1379,901,False,Cytoplasm,2,21
409,1520,977,False,Cytoplasm,2,21
410,1550,1050,False,Cytoplasm,2,21
411,1645,1066,False,Cytoplasm,2,21
412,1622,1080,False,Cytoplasm,2,21
413,1043,1360,False,Cytoplasm,1,21
414,1041,1399,False,Cytoplasm,1,21
415,1428,846,False,Cytoplasm,2,21
416,1338,868,False,Cytoplasm,2,21
417,1340,869,False,Cytoplasm,2,21
418,1467,886,False,Cytoplasm,2,21
419,1435,925,False,Cytoplasm,2,21
420,1453,938,False,Cytoplasm,2,21
421,1711,1079,False,Cytoplasm,2,21
422,1730,1205,False,Cytoplasm,2,21
423,1040,1358,False,Cytoplasm,1,21
424,1115,278,False,Cytoplasm,1,22
425,584,698,False,Cytoplasm,3,23
426,924,508,False,Cytoplasm,3,24
427,940,512,False,Cytoplasm,3,24
428,1003,517,False,Cytoplasm,3,24
429,750,518,False,Cytoplasm,3,24
430,847,531,False,Cytoplasm,3,24
431,950,533,False,Cytoplasm,3,24
432,856,542,False,Cytoplasm,3,24
433,944,543,False,Cytoplasm,3,24
434,742,553,False,Cytoplasm,3,24
435,718,600,False,Cytoplasm,3,24
436,986,604,False,Cytoplasm,3,24
437,836,616,False,Cytoplasm,3,24
438,912,618,False,Cytoplasm,3,24
439,806,627,False,Cytoplasm,3,24
440,871,631,False,Nucleus,3,24
441,943,635,False,Cytoplasm,3,24
442,893,643,False,Nucleus,3,24
443,854,645,False,Nucleus,3,24
444,841,647,False,Nucleus,3,24
445,799,654,False,Cytoplasm,3,24
446,1697,654,False,Cytoplasm,2,24
447,850,663,False,Nucleus,3,24
448,924,669,False,Nucleus,3,24
449,840,673,False,Nucleus,3,24
450,920,680,False,Nucleus,3,24
451,883,685,False,Nucleus,3,24
452,740,689,False,Cytoplasm,3,24
453,922,690,False,Nucleus,3,24
454,838,694,False,Nucleus,3,24
455,861,709,False,Nucleus,3,24
456,872,714,False,Nucleus,3,24
457,889,729,False,Nucleus,3,24
458,777,732,False,Nucleus,3,24
459,939,733,False,Cytoplasm,3,24
460,922,735,False,Nucleus,3,24
461,867,736,False,Nucleus,3,24
462,827,740,False,Nucleus,3,24
463,730,745,False,Cytoplasm,3,24
464,842,753,False,Nucleus,3,24
465,978,763,False,Cytoplasm,3,24
466,896,764,False,Nucleus,3,24
467,837,780,False,Nucleus,3,24
468,845,786,False,Nucleus,3,24
469,775,797,False,Nucleus,3,24
470,752,851,False,Cytoplasm,3,24
471,629,935,False,Cytoplasm,3,24
472,315,981,False,Nucleus,1,24
473,786,532,False,Cytoplasm,3,24
474,857,543,False,Cytoplasm,3,24
475,799,574,False,Cytoplasm,3,24
476,932,611,False,Cytoplasm,3,24
477,961,625,False,Cytoplasm,3,24
478,884,642,False,Nucleus,3,24
479,843,678,False,Nucleus,3,24
480,884,684,False,Nucleus,3,24
481,772,686,False,Cytoplasm,3,24
482,733,689,False,Cytoplasm,3,24
483,921,700,False,Nucleus,3,24
484,880,705,False,Nucleus,3,24
485,939,706,False,Cytoplasm,3,24
486,931,712,False,Nucleus,3,24
487,777,723,False,Nucleus,3,24
488,791,726,False,Nucleus,3,24
489,900,727,False,Nucleus,3,24
490,777,731,False,Nucleus,3,24
491,912,745,False,Nucleus,3,24
492,876,746,False,Nucleus,3,24
493,943,748,False,Cytoplasm,3,24
494,799,748,False,Nucleus,3,24
495,905,755,False,Nucleus,3,24
496,803,762,False,Nucleus,3,24
497,856,802,False,Nucleus,3,24
498,899,805,False,Cytoplasm,3,24
499,826,805,False,Nucleus,3,24
500,833,808,False,Nucleus,3,24
501,795,814,False,Cytoplasm,3,24
502,683,820,False,Cytoplasm,3,24
503,700,852,False,Cytoplasm,3,24
504,759,860,False,Cytoplasm,3,24
505,653,888,False,Cytoplasm,3,24
506,905,633,False,Cytoplasm,3,24
507,904,634,False,Cytoplasm,3,24
508,838,659,False,Nucleus,3,24
509,838,659,False,Nucleus,3,24
510,838,659,False,Nucleus,3,24
511,838,659,False,Nucleus,3,24
512,837,660,False,Nucleus,3,24
513,838,659,False,Nucleus,3,24
514,837,660,False,Nucleus,3,24
515,834,658,False,Nucleus,3,24
516,838,659,False,Nucleus,3,24
517,835,657,False,Nucleus,3,24
518,836,661,False,Nucleus,3,24
519,832,658,False,Nucleus,3,24
520,874,668,False,Nucleus,3,24
521,874,668,False,Nucleus,3,24
522,875,669,False,Nucleus,3,24
523,874,668,False,Nucleus,3,24
524,875,669,False,Nucleus,3,24
525,874,668,False,Nucleus,3,24
526,875,669,False,Nucleus,3,24
527,874,668,False,Nucleus,3,24
528,875,669,False,Nucleus,3,24
529,874,668,False,Nucleus,3,24
530,875,669,False,Nucleus,3,24
531,874,668,False,Nucleus,3,24
532,875,669,False,Nucleus,3,24
533,874,668,False,Nucleus,3,24
534,875,669,False,Nucleus,3,24
535,875,668,False,Nucleus,3,24
536,874,669,False,Nucleus,3,24
537,874,668,False,Nucleus,3,24
538,875,669,False,Nucleus,3,24
539,875,668,False,Nucleus,3,24
540,873,670,False,Nucleus,3,24
541,873,667,False,Nucleus,3,24
542,875,669,False,Nucleus,3,24
543,873,670,False,Nucleus,3,24
544,873,667,False,Nucleus,3,24
545,875,668,False,Nucleus,3,24
546,873,670,False,Nucleus,3,24
547,873,667,False,Nucleus,3,24
548,875,669,False,Nucleus,3,24
549,873,670,False,Nucleus,3,24
550,873,667,False,Nucleus,3,24
551,875,668,False,Nucleus,3,24
552,873,670,False,Nucleus,3,24
553,873,667,False,Nucleus,3,24
554,876,668,False,Nucleus,3,24
555,873,670,False,Nucleus,3,24
556,876,673,False,Nucleus,3,24
557,873,667,False,Nucleus,3,24
558,876,667,False,Nucleus,3,24
559,877,670,False,Nucleus,3,24
560,873,670,False,Nucleus,3,24
561,876,673,False,Nucleus,3,24
562,873,667,False,Nucleus,3,24
563,876,667,False,Nucleus,3,24
564,877,670,False,Nucleus,3,24
565,873,670,False,Nucleus,3,24
566,875,673,False,Nucleus,3,24
567,873,667,False,Nucleus,3,24
568,877,670,False,Nucleus,3,24
569,876,667,False,Nucleus,3,24
570,876,673,False,Nucleus,3,24
571,873,670,False,Nucleus,3,24
572,876,665,False,Nucleus,3,24
573,877,672,False,Nucleus,3,24
574,873,667,False,Nucleus,3,24
575,875,669,False,Nucleus,3,24
576,874,673,False,Nucleus,3,24
577,871,674,False,Nucleus,3,24
578,880,669,False,Nucleus,3,24
579,879,678,False,Nucleus,3,24
580,876,667,False,Nucleus,3,24
581,873,670,False,Nucleus,3,24
582,877,670,False,Nucleus,3,24
583,879,674,False,Nucleus,3,24
584,869,665,False,Nucleus,3,24
585,871,672,False,Nucleus,3,24
586,866,665,False,Nucleus,3,24
587,865,664,False,Nucleus,3,24
588,940,674,False,Cytoplasm,3,24
589,938,675,False,Cytoplasm,3,24
590,829,693,False,Nucleus,3,24
591,829,693,False,Nucleus,3,24
592,782,749,False,Nucleus,3,24
593,782,749,False,Nucleus,3,24
594,783,750,False,Nucleus,3,24
595,782,749,False,Nucleus,3,24
596,783,751,False,Nucleus,3,24
597,782,749,False,Nucleus,3,24
598,782,751,False,Nucleus,3,24
599,771,754,False,Nucleus,3,24
600,771,754,False,Nucleus,3,24
601,773,755,False,Nucleus,3,24
602,887,764,False,Nucleus,3,24
603,886,764,False,Nucleus,3,24
604,887,764,False,Nucleus,3,24
605,886,764,False,Nucleus,3,24
606,885,768,False,Nucleus,3,24
607,887,764,False,Nucleus,3,24
608,886,764,False,Nucleus,3,24
609,885,768,False,Nucleus,3,24
610,888,765,False,Nucleus,3,24
611,886,769,False,Nucleus,3,24
612,885,763,False,Nucleus,3,24
613,885,768,False,Nucleus,3,24
614,888,765,False,Nucleus,3,24
615,887,762,False,Nucleus,3,24
616,886,769,False,Nucleus,3,24
617,886,765,False,Nucleus,3,24
618,885,763,False,Nucleus,3,24
619,885,767,False,Nucleus,3,24
620,889,768,False,Nucleus,3,24
621,887,762,False,Nucleus,3,24
622,888,765,False,Nucleus,3,24
623,886,769,False,Nucleus,3,24
624,884,767,False,Nucleus,3,24
625,776,837,False,Cytoplasm,3,24
626,731,876,False,Cytoplasm,3,24
627,731,876,False,Cytoplasm,3,24
628,731,876,False,Cytoplasm,3,24
629,765,886,True,Cytoplasm,3,24
630,659,836,True,Cytoplasm,3,24
631,669,874,True,Cytoplasm,3,24
632,750,781,True,Cytoplasm,3,24
633,807,393,False,Cytoplasm,1,26
634,906,496,False,Cytoplasm,1,26
635,928,537,False,Cytoplasm,1,26
636,702,571,False,Cytoplasm,1,26
637,825,610,False,Nucleus,1,26
638,957,620,False,Cytoplasm,1,26
639,1047,889,False,Nucleus,2,26
640,1064,890,False,Nucleus,2,26
641,1127,906,False,Nucleus,2,26
642,1092,908,False,Nucleus,2,26
643,1106,920,False,Nucleus,2,26
644,945,1278,False,Cytoplasm,2,26
645,880,298,False,Cytoplasm,1,26
646,791,469,False,Cytoplasm,1,26
647,838,568,False,Nucleus,1,26
648,853,585,False,Nucleus,1,26
649,953,793,False,Cytoplasm,2,26
650,1095,1045,False,Nucleus,2,26
651,800,567,False,Nucleus,1,26
652,800,567,False,Nucleus,1,26
653,731,656,False,Cytoplasm,1,26
654,730,653,False,Cytoplasm,1,26
655,730,657,False,Cytoplasm,1,26
656,732,653,False,Cytoplasm,1,26
657,1141,895,False,Cytoplasm,2,26
658,1160,954,False,Cytoplasm,2,26
659,1160,954,False,Cytoplasm,2,26
660,1109,420,False,Cytoplasm,1,29
661,1114,517,False,Nucleus,1,29
662,1313,542,False,Cytoplasm,1,29
663,1257,553,False,Cytoplasm,1,29
664,1287,589,False,Cytoplasm,1,29
665,1132,605,False,Nucleus,1,29
666,1285,661,False,Cytoplasm,1,29
667,1155,531,False,Nucleus,1,29
668,1313,543,False,Cytoplasm,1,29
669,1286,571,False,Cytoplasm,1,29
670,1286,571,False,Cytoplasm,1,29
671,972,641,False,Cytoplasm,1,29
672,1243,646,False,Cytoplasm,1,29
673,1105,710,False,Cytoplasm,1,29
674,1569,276,False,Nucleus,1,31
675,1524,305,False,Nucleus,1,31
676,1474,310,False,Nucleus,1,31
677,1369,345,False,Cytoplasm,1,31
678,1308,363,False,Cytoplasm,1,31
679,1563,384,False,Cytoplasm,1,31
680,1165,476,False,Cytoplasm,2,31
681,1459,687,False,Cytoplasm,2,31
682,1416,698,False,Cytoplasm,2,31
683,1372,752,False,Cytoplasm,2,31
684,452,1261,False,Cytoplasm,3,31
685,1305,529,False,Nucleus,2,31
686,1272,625,False,Nucleus,2,31
687,281,1230,False,Cytoplasm,3,31
688,1505,353,False,Nucleus,1,31
689,1507,353,False,Nucleus,1,31
690,1288,522,False,Nucleus,2,31
691,1351,636,False,Nucleus,2,31
692,1597,469,False,Cytoplasm,2,32
693,1223,527,False,Cytoplasm,1,32
694,1472,533,False,Cytoplasm,2,32
695,1562,558,False,Cytoplasm,2,32
696,1341,425,False,Cytoplasm,1,32
697,1597,470,False,Cytoplasm,2,32
698,1215,512,False,Cytoplasm,1,32
699,1507,519,False,Cytoplasm,2,32
700,1246,532,False,Cytoplasm,1,32
701,1403,549,False,Cytoplasm,2,32
702,1476,562,False,Cytoplasm,2,32
703,1515,576,False,Cytoplasm,2,32
704,1521,578,False,Cytoplasm,2,32
705,1326,547,False,Cytoplasm,1,34
706,895,558,False,Nucleus,2,34
707,1343,573,False,Cytoplasm,1,34
708,915,575,False,Nucleus,2,34
709,1398,684,False,Cytoplasm,1,34
710,921,719,False,Cytoplasm,2,34
711,928,814,False,Cytoplasm,2,34
712,1005,867,False,Cytoplasm,2,34
713,943,868,False,Cytoplasm,2,34
714,886,875,False,Cytoplasm,2,34
715,858,880,False,Cytoplasm,2,34
716,1035,897,False,Cytoplasm,2,34
717,1021,901,False,Cytoplasm,2,34
718,890,902,False,Cytoplasm,2,34
719,914,921,False,Cytoplasm,2,34
720,923,954,False,Cytoplasm,2,34
721,857,961,False,Cytoplasm,2,34
722,961,972,False,Cytoplasm,2,34
723,925,976,False,Cytoplasm,2,34
724,870,979,False,Cytoplasm,2,34
725,1030,981,False,Cytoplasm,2,34
726,921,986,False,Nucleus,2,34
727,1032,1000,False,Cytoplasm,2,34
728,946,1004,False,Nucleus,2,34
729,960,1004,False,Nucleus,2,34
730,801,1017,False,Cytoplasm,2,34
731,964,1021,False,Nucleus,2,34
732,889,1027,False,Nucleus,2,34
733,840,1043,False,Cytoplasm,2,34
734,880,1060,False,Nucleus,2,34
735,878,1071,False,Nucleus,2,34
736,812,1072,False,Cytoplasm,2,34
737,924,1081,False,Nucleus,2,34
738,826,1096,False,Cytoplasm,2,34
739,924,1100,False,Nucleus,2,34
740,895,1101,False,Nucleus,2,34
741,1023,1111,False,Nucleus,2,34
742,859,1121,False,Nucleus,2,34
743,920,1122,False,Nucleus,2,34
744,867,1128,False,Nucleus,2,34
745,1012,1141,False,Nucleus,2,34
746,978,1141,False,Nucleus,2,34
747,896,1147,False,Nucleus,2,34
748,939,1149,False,Nucleus,2,34
749,1063,1157,False,Cytoplasm,2,34
750,874,1178,False,Cytoplasm,2,34
751,1023,1191,False,Cytoplasm,2,34
752,885,1194,False,Cytoplasm,2,34
753,931,1229,False,Cytoplasm,2,34
754,1060,1239,False,Cytoplasm,2,34
755,1029,1240,False,Cytoplasm,2,34
756,976,1245,False,Cytoplasm,2,34
757,1050,1281,False,Cytoplasm,2,34
758,948,1297,False,Cytoplasm,2,34
759,917,1301,False,Cytoplasm,2,34
760,929,1306,False,Cytoplasm,2,34
761,1076,1342,False,Cytoplasm,2,34
762,971,1374,False,Cytoplasm,2,34
763,986,1406,False,Cytoplasm,2,34
764,1344,574,False,Cytoplasm,1,34
765,989,587,False,Cytoplasm,2,34
766,939,679,False,Cytoplasm,2,34
767,842,850,False,Cytoplasm,2,34
768,969,933,False,Cytoplasm,2,34
769,1015,964,False,Cytoplasm,2,34
770,967,979,False,Cytoplasm,2,34
771,960,986,False,Nucleus,2,34
772,868,993,False,Cytoplasm,2,34
773,966,1030,False,Nucleus,2,34
774,847,1035,False,Cytoplasm,2,34
775,1005,1075,False,Nucleus,2,34
776,1010,1141,False,Nucleus,2,34
777,1015,1143,False,Cytoplasm,2,34
778,844,1145,False,Cytoplasm,2,34
779,921,1155,False,Nucleus,2,34
780,1064,1157,False,Cytoplasm,2,34
781,994,1163,False,Nucleus,2,34
782,841,1184,False,Cytoplasm,2,34
783,1096,1197,False,Cytoplasm,2,34
784,873,1200,False,Cytoplasm,2,34
785,866,1213,False,Cytoplasm,2,34
786,931,1230,False,Cytoplasm,2,34
787,938,1252,False,Cytoplasm,2,34
788,960,1301,False,Cytoplasm,2,34
789,1117,1528,False,Cytoplasm,2,34
790,916,552,False,Nucleus,2,34
791,904,560,False,Nucleus,2,34
792,899,564,False,Nucleus,2,34
793,908,558,False,Nucleus,2,34
794,904,562,False,Nucleus,2,34
795,904,569,False,Nucleus,2,34
796,903,565,False,Nucleus,2,34
797,899,569,False,Nucleus,2,34
798,896,568,False,Nucleus,2,34
799,906,560,False,Nucleus,2,34
800,906,566,False,Nucleus,2,34
801,896,558,False,Nucleus,2,34
802,900,565,False,Nucleus,2,34
803,914,566,False,Nucleus,2,34
804,914,568,False,Nucleus,2,34
805,918,568,False,Nucleus,2,34
806,916,562,False,Nucleus,2,34
807,912,565,False,Nucleus,2,34
808,919,565,False,Nucleus,2,34
809,918,561,False,Nucleus,2,34
810,902,580,False,Nucleus,2,34
811,889,585,False,Nucleus,2,34
812,896,575,False,Nucleus,2,34
813,888,580,False,Nucleus,2,34
814,900,583,False,Nucleus,2,34
815,890,586,False,Nucleus,2,34
816,897,579,False,Nucleus,2,34
817,885,585,False,Nucleus,2,34
818,901,589,False,Nucleus,2,34
819,884,581,False,Nucleus,2,34
820,896,588,False,Nucleus,2,34
821,893,584,False,Nucleus,2,34
822,902,580,False,Nucleus,2,34
823,893,578,False,Nucleus,2,34
824,898,583,False,Nucleus,2,34
825,888,576,False,Nucleus,2,34
826,917,576,False,Nucleus,2,34
827,902,592,False,Nucleus,2,34
828,1305,669,False,Nucleus,1,34
829,1316,710,False,Nucleus,1,34
830,1318,711,False,Nucleus,1,34
831,851,889,False,Cytoplasm,2,34
832,792,923,False,Cytoplasm,2,34
833,858,932,False,Cytoplasm,2,34
834,1047,957,False,Cytoplasm,2,34
835,990,963,False,Cytoplasm,2,34
836,803,995,False,Cytoplasm,2,34
837,1056,1043,False,Cytoplasm,2,34
838,1056,1043,False,Cytoplasm,2,34
839,858,1058,False,Nucleus,2,34
840,1009,1103,False,Nucleus,2,34
841,1010,1103,False,Nucleus,2,34
842,1009,1103,False,Nucleus,2,34
843,1010,1103,False,Nucleus,2,34
844,1009,1102,False,Nucleus,2,34
845,1011,1103,False,Nucleus,2,34
846,1008,1102,False,Nucleus,2,34
847,1011,1103,False,Nucleus,2,34
848,1008,1102,False,Nucleus,2,34
849,1008,1105,False,Nucleus,2,34
850,1011,1103,False,Nucleus,2,34
851,1008,1102,False,Nucleus,2,34
852,1008,1105,False,Nucleus,2,34
853,1011,1103,False,Nucleus,2,34
854,1008,1105,False,Nucleus,2,34
855,1010,1101,False,Nucleus,2,34
856,1008,1102,False,Nucleus,2,34
857,1011,1104,False,Nucleus,2,34
858,1008,1105,False,Nucleus,2,34
859,1012,1100,False,Nucleus,2,34
860,1008,1102,False,Nucleus,2,34
861,1011,1104,False,Nucleus,2,34
862,1011,1098,False,Nucleus,2,34
863,1012,1106,False,Nucleus,2,34
864,1011,1102,False,Nucleus,2,34
865,1008,1099,False,Nucleus,2,34
866,1008,1105,False,Nucleus,2,34
867,1014,1104,False,Nucleus,2,34
868,1012,1100,False,Nucleus,2,34
869,1007,1100,False,Nucleus,2,34
870,884,1133,False,Nucleus,2,34
871,882,1151,False,Nucleus,2,34
872,883,1150,False,Nucleus,2,34
873,864,1180,False,Cytoplasm,2,34
874,914,1192,False,Cytoplasm,2,34
875,915,1193,False,Cytoplasm,2,34
876,972,1198,False,Cytoplasm,2,34
877,1031,1217,False,Cytoplasm,2,34
878,930,1219,False,Cytoplasm,2,34
879,1104,1295,False,Cytoplasm,2,34
880,1541,275,False,Nucleus,1,37
881,1547,372,False,Nucleus,1,37
882,1515,374,False,Nucleus,1,37
883,1500,402,False,Nucleus,1,37
884,1569,286,False,Nucleus,1,37
885,1483,373,False,Nucleus,1,37
886,1548,372,False,Nucleus,1,37
887,1514,375,False,Nucleus,1,37
888,1376,426,False,Cytoplasm,1,37
889,1493,196,False,Cytoplasm,1,37
890,1628,252,False,Cytoplasm,1,37
891,1568,363,False,Nucleus,1,37
892,1449,370,False,Cytoplasm,1,37
893,1385,372,False,Cytoplasm,1,37
894,1016,387,False,Cytoplasm,1,37
895,1505,416,False,Nucleus,1,37
896,1005,642,False,Cytoplasm,1,43
897,945,770,False,Cytoplasm,1,43
898,975,850,False,Cytoplasm,1,43
899,992,853,False,Cytoplasm,1,43
900,874,981,False,Nucleus,1,43
901,1401,1005,False,Cytoplasm,1,45
902,1410,1030,False,Cytoplasm,1,45
903,1353,1057,False,Cytoplasm,1,45
904,1480,1081,False,Cytoplasm,1,45
905,1402,1081,False,Cytoplasm,1,45
906,1471,1088,False,Cytoplasm,1,45
907,1445,1091,False,Cytoplasm,1,45
908,1170,1120,False,Cytoplasm,1,45
909,1289,1155,False,Nucleus,1,45
910,1282,1427,False,Cytoplasm,1,45
911,1217,1594,False,Cytoplasm,1,45
912,1454,1030,False,Cytoplasm,1,45
913,1342,1076,False,Cytoplasm,1,45
914,1481,1080,False,Cytoplasm,1,45
915,1298,1108,False,Nucleus,1,45
916,1328,1253,False,Nucleus,1,45
917,1447,821,False,Cytoplasm,1,45
918,1445,820,False,Cytoplasm,1,45
919,1134,906,False,Cytoplasm,1,45
920,1451,1124,False,Cytoplasm,1,45
921,1287,1145,False,Nucleus,1,45
922,1473,1164,False,Cytoplasm,1,45
923,1332,1163,False,Nucleus,1,45
924,1382,1199,False,Nucleus,1,45
925,1261,1222,False,Cytoplasm,1,45
926,1261,1235,False,Cytoplasm,1,45
927,1386,1245,False,Nucleus,1,45
928,1546,567,False,Cytoplasm,1,48
929,1424,568,False,Cytoplasm,1,48
930,1502,625,False,Cytoplasm,1,48
931,1347,659,False,Cytoplasm,1,48
932,1357,659,False,Cytoplasm,1,48
933,1565,680,False,Cytoplasm,1,48
934,1485,686,False,Cytoplasm,1,48
935,1436,695,False,Cytoplasm,1,48
936,1516,699,False,Cytoplasm,1,48
937,1619,703,False,Cytoplasm,1,48
938,1636,707,False,Cytoplasm,1,48
939,1422,712,False,Nucleus,1,48
940,1445,717,False,Nucleus,1,48
941,1525,726,False,Cytoplasm,1,48
942,1578,734,False,Cytoplasm,1,48
943,1461,740,False,Nucleus,1,48
944,1573,741,False,Cytoplasm,1,48
945,1438,760,False,Nucleus,1,48
946,1402,763,False,Nucleus,1,48
947,1647,770,False,Cytoplasm,1,48
948,1522,771,False,Nucleus,1,48
949,1556,779,False,Cytoplasm,1,48
950,1397,785,False,Nucleus,1,48
951,1436,792,False,Nucleus,1,48
952,1554,805,False,Nucleus,1,48
953,1438,806,False,Nucleus,1,48
954,1513,808,False,Nucleus,1,48
955,1426,817,False,Nucleus,1,48
956,1422,819,False,Nucleus,1,48
957,1562,823,False,Cytoplasm,1,48
958,1422,826,False,Nucleus,1,48
959,1345,827,False,Cytoplasm,1,48
960,1435,832,False,Nucleus,1,48
961,1619,837,False,Cytoplasm,1,48
962,1395,838,False,Nucleus,1,48
963,1555,845,False,Cytoplasm,1,48
964,1480,853,False,Nucleus,1,48
965,1572,853,False,Cytoplasm,1,48
966,1357,864,False,Cytoplasm,1,48
967,1489,877,False,Nucleus,1,48
968,1417,902,False,Cytoplasm,1,48
969,1431,909,False,Cytoplasm,1,48
970,1535,915,False,Cytoplasm,1,48
971,1507,931,False,Cytoplasm,1,48
972,1617,507,False,Cytoplasm,1,48
973,1427,666,False,Cytoplasm,1,48
974,1742,675,False,Cytoplasm,1,48
975,1485,687,False,Cytoplasm,1,48
976,1486,707,False,Nucleus,1,48
977,1455,707,False,Nucleus,1,48
978,1485,712,False,Nucleus,1,48
979,1428,715,False,Nucleus,1,48
980,1512,722,False,Nucleus,1,48
981,1513,761,False,Nucleus,1,48
982,1549,769,False,Nucleus,1,48
983,1403,804,False,Nucleus,1,48
984,1419,832,False,Nucleus,1,48
985,1432,909,False,Cytoplasm,1,48
986,1538,638,False,Cytoplasm,1,48
987,1540,638,False,Cytoplasm,1,48
988,1469,657,False,Cytoplasm,1,48
989,1489,672,False,Cytoplasm,1,48
990,1487,670,False,Cytoplasm,1,48
991,1415,696,False,Cytoplasm,1,48
992,1408,708,False,Cytoplasm,1,48
993,1333,709,False,Cytoplasm,1,48
994,1333,710,False,Cytoplasm,1,48
995,1541,710,False,Cytoplasm,1,48
996,1482,748,False,Nucleus,1,48
997,1524,757,False,Nucleus,1,48
998,1538,758,False,Nucleus,1,48
999,1498,762,False,Nucleus,1,48
1000,1401,764,False,Nucleus,1,48
1001,1405,766,False,Nucleus,1,48
1002,1406,771,False,Nucleus,1,48
1003,1406,771,False,Nucleus,1,48
1004,1406,771,False,Nucleus,1,48
1005,1407,770,False,Nucleus,1,48
1006,1405,772,False,Nucleus,1,48
1007,1407,770,False,Nucleus,1,48
1008,1405,772,False,Nucleus,1,48
1009,1407,770,False,Nucleus,1,48
1010,1407,772,False,Nucleus,1,48
1011,1405,772,False,Nucleus,1,48
1012,1404,770,False,Nucleus,1,48
1013,1578,769,False,Cytoplasm,1,48
1014,1554,773,False,Cytoplasm,1,48
1015,1424,787,False,Nucleus,1,48
1016,1561,811,False,Cytoplasm,1,48
1017,1562,812,False,Cytoplasm,1,48
1018,1400,816,False,Nucleus,1,48
1019,1401,817,False,Nucleus,1,48
1020,1399,815,False,Nucleus,1,48
1021,1401,817,False,Nucleus,1,48
1022,1266,817,False,Cytoplasm,1,48
1023,1267,815,False,Cytoplasm,1,48
1024,1487,867,False,Nucleus,1,48
1025,1496,894,False,Nucleus,1,48
1026,1495,893,False,Nucleus,1,48
1027,1474,909,False,Cytoplasm,1,48
1028,1476,910,False,Cytoplasm,1,48
1029,798,1272,False,Cytoplasm,1,49
1030,684,1208,False,Nucleus,1,49
1031,800,1271,False,Cytoplasm,1,49
1032,799,1273,False,Cytoplasm,1,49
1033,1204,1432,False,Nucleus,1,51
1034,1205,1433,False,Nucleus,1,51
1035,1358,95,False,Cytoplasm,1,54
1036,1338,100,False,Cytoplasm,1,54
1037,1297,135,False,Nucleus,1,54
1038,1424,210,False,Cytoplasm,1,54
1039,1386,217,False,Nucleus,1,54
1040,1397,223,False,Cytoplasm,1,54
1041,1322,241,False,Nucleus,1,54
1042,1293,251,False,Nucleus,1,54
1043,1396,274,False,Cytoplasm,1,54
1044,1201,276,False,Cytoplasm,1,54
1045,1349,283,False,Cytoplasm,1,54
1046,1252,285,False,Nucleus,1,54
1047,1332,285,False,Nucleus,1,54
1048,1341,290,False,Cytoplasm,1,54
1049,1237,295,False,Cytoplasm,1,54
1050,1426,326,False,Cytoplasm,1,54
1051,1442,329,False,Cytoplasm,1,54
1052,1274,364,False,Cytoplasm,1,54
1053,1523,405,False,Cytoplasm,1,54
1054,1440,259,False,Cytoplasm,1,54
1055,1371,301,False,Cytoplasm,1,54
1056,1305,304,False,Cytoplasm,1,54
1057,1330,368,False,Cytoplasm,1,54
1058,1353,138,False,Nucleus,1,54
1059,1351,139,False,Nucleus,1,54
1060,1354,140,False,Nucleus,1,54
1061,1293,326,False,Cytoplasm,1,54
1062,1290,341,False,Cytoplasm,1,54
1063,1524,406,False,Cytoplasm,1,54
1064,1328,1145,False,Cytoplasm,1,55
1065,1411,1225,False,Cytoplasm,2,55
1066,1329,1146,False,Cytoplasm,1,55
1067,1479,1049,True,Cytoplasm,2,55
1068,1336,893,False,Cytoplasm,1,56
1069,1304,522,False,Cytoplasm,1,58
1070,1150,356,False,Cytoplasm,1,58
1071,1257,404,False,Nucleus,1,58
1072,1187,451,False,Nucleus,1,58
1073,1217,537,False,Nucleus,1,58
1074,1180,541,False,Cytoplasm,1,58
1075,1309,426,True,Cytoplasm,1,58
1076,1101,724,False,Cytoplasm,1,59
1077,1040,757,False,Cytoplasm,1,59
1078,1085,935,False,Cytoplasm,1,59
1079,1093,942,False,Cytoplasm,1,59
1080,1133,991,False,Cytoplasm,1,59
1081,1103,995,False,Cytoplasm,1,59
1082,1203,997,False,Cytoplasm,1,59
1083,1122,1007,False,Cytoplasm,1,59
1084,1062,1013,False,Cytoplasm,1,59
1085,1070,1016,False,Cytoplasm,1,59
1086,1134,1022,False,Cytoplasm,1,59
1087,994,1024,False,Cytoplasm,1,59
1088,1240,1026,False,Cytoplasm,1,59
1089,1193,1029,False,Cytoplasm,1,59
1090,1207,1028,False,Cytoplasm,1,59
1091,995,1046,False,Cytoplasm,1,59
1092,1093,1047,False,Cytoplasm,1,59
1093,1232,1052,False,Cytoplasm,1,59
1094,1252,1052,False,Cytoplasm,1,59
1095,934,1059,False,Cytoplasm,1,59
1096,1036,1065,False,Cytoplasm,1,59
1097,1236,1070,False,Cytoplasm,1,59
1098,970,1072,False,Cytoplasm,1,59
1099,1033,1074,False,Cytoplasm,1,59
1100,1080,1080,False,Cytoplasm,1,59
1101,1125,1080,False,Cytoplasm,1,59
1102,1168,1081,False,Nucleus,1,59
1103,1270,1083,False,Cytoplasm,1,59
1104,1195,1086,False,Nucleus,1,59
1105,998,1095,False,Cytoplasm,1,59
1106,1293,1097,False,Cytoplasm,1,59
1107,1302,1095,False,Cytoplasm,1,59
1108,982,1103,False,Cytoplasm,1,59
1109,1285,1102,False,Cytoplasm,1,59
1110,911,1105,False,Cytoplasm,1,59
1111,1088,1106,False,Cytoplasm,1,59
1112,949,1107,False,Cytoplasm,1,59
1113,1271,1108,False,Cytoplasm,1,59
1114,994,1110,False,Cytoplasm,1,59
1115,1064,1112,False,Cytoplasm,1,59
1116,1263,1112,False,Cytoplasm,1,59
1117,1333,1112,False,Cytoplasm,1,59
1118,1189,1116,False,Nucleus,1,59
1119,1002,1116,False,Cytoplasm,1,59
1120,1304,1116,False,Cytoplasm,1,59
1121,1048,1130,False,Cytoplasm,1,59
1122,1167,1132,False,Nucleus,1,59
1123,1227,1132,False,Nucleus,1,59
1124,1334,1133,False,Cytoplasm,1,59
1125,1177,1134,False,Nucleus,1,59
1126,1049,1138,False,Cytoplasm,1,59
1127,1214,1147,False,Nucleus,1,59
1128,1265,1147,False,Cytoplasm,1,59
1129,1060,1148,False,Cytoplasm,1,59
1130,1300,1148,False,Cytoplasm,1,59
1131,988,1151,False,Cytoplasm,1,59
1132,1258,1151,False,Nucleus,1,59
1133,1200,1152,False,Nucleus,1,59
1134,1325,1152,False,Cytoplasm,1,59
1135,1039,1155,False,Cytoplasm,1,59
1136,1134,1155,False,Nucleus,1,59
1137,1114,1159,False,Nucleus,1,59
1138,1298,1159,False,Cytoplasm,1,59
1139,940,1161,False,Cytoplasm,1,59
1140,1390,1161,False,Cytoplasm,1,59
1141,1006,1162,False,Cytoplasm,1,59
1142,880,1163,False,Cytoplasm,1,59
1143,806,1165,False,Cytoplasm,1,59
1144,1026,1166,False,Cytoplasm,1,59
1145,1325,1168,False,Cytoplasm,1,59
1146,1181,1169,False,Nucleus,1,59
1147,1043,1170,False,Cytoplasm,1,59
1148,1287,1170,False,Cytoplasm,1,59
1149,982,1173,False,Cytoplasm,1,59
1150,1328,1172,False,Cytoplasm,1,59
1151,1192,1179,False,Nucleus,1,59
1152,945,1182,False,Cytoplasm,1,59
1153,1257,1181,False,Nucleus,1,59
1154,1041,1182,False,Cytoplasm,1,59
1155,1142,1186,False,Nucleus,1,59
1156,1241,1187,False,Nucleus,1,59
1157,1086,1191,False,Nucleus,1,59
1158,1193,1192,False,Nucleus,1,59
1159,1382,1192,False,Cytoplasm,1,59
1160,1357,1196,False,Cytoplasm,1,59
1161,1008,1206,False,Cytoplasm,1,59
1162,1228,1212,False,Nucleus,1,59
1163,1377,1213,False,Cytoplasm,1,59
1164,1046,1217,False,Cytoplasm,1,59
1165,1027,1217,False,Cytoplasm,1,59
1166,1151,1220,False,Nucleus,1,59
1167,1008,1221,False,Cytoplasm,1,59
1168,1165,1225,False,Nucleus,1,59
1169,940,1226,False,Cytoplasm,1,59
1170,1061,1229,False,Nucleus,1,59
1171,1033,1231,False,Cytoplasm,1,59
1172,1396,1232,False,Cytoplasm,1,59
1173,1407,1236,False,Cytoplasm,1,59
1174,680,1238,False,Cytoplasm,1,59
1175,1041,1238,False,Cytoplasm,1,59
1176,1293,1242,False,Cytoplasm,1,59
1177,1202,1244,False,Nucleus,1,59
1178,909,1250,False,Cytoplasm,1,59
1179,1187,1255,False,Nucleus,1,59
1180,1064,1256,False,Cytoplasm,1,59
1181,1050,1259,False,Cytoplasm,1,59
1182,1379,1258,False,Cytoplasm,1,59
1183,1009,1259,False,Cytoplasm,1,59
1184,1016,1260,False,Cytoplasm,1,59
1185,1278,1261,False,Cytoplasm,1,59
1186,1267,1265,False,Cytoplasm,1,59
1187,1038,1267,False,Cytoplasm,1,59
1188,1161,1268,False,Nucleus,1,59
1189,1045,1275,False,Cytoplasm,1,59
1190,1088,1276,False,Cytoplasm,1,59
1191,1077,1276,False,Cytoplasm,1,59
1192,1392,1279,False,Cytoplasm,1,59
1193,1254,1281,False,Cytoplasm,1,59
1194,1247,1287,False,Cytoplasm,1,59
1195,1380,1287,False,Cytoplasm,1,59
1196,996,1289,False,Cytoplasm,1,59
1197,1164,1298,False,Nucleus,1,59
1198,978,1303,False,Cytoplasm,1,59
1199,1058,1307,False,Cytoplasm,1,59
1200,1165,1311,False,Cytoplasm,1,59
1201,1070,1314,False,Cytoplasm,1,59
1202,1114,1318,False,Cytoplasm,1,59
1203,1289,1322,False,Cytoplasm,1,59
1204,1119,1339,False,Cytoplasm,1,59
1205,1032,1343,False,Cytoplasm,1,59
1206,1108,1355,False,Cytoplasm,1,59
1207,1124,1358,False,Cytoplasm,1,59
1208,1072,1359,False,Cytoplasm,1,59
1209,1243,1361,False,Cytoplasm,1,59
1210,1176,1366,False,Cytoplasm,1,59
1211,1140,1434,False,Cytoplasm,1,59
1212,1143,925,False,Cytoplasm,1,59
1213,1205,980,False,Cytoplasm,1,59
1214,1102,994,False,Cytoplasm,1,59
1215,1063,1013,False,Cytoplasm,1,59
1216,934,1060,False,Cytoplasm,1,59
1217,1194,1092,False,Nucleus,1,59
1218,998,1096,False,Cytoplasm,1,59
1219,886,1102,False,Cytoplasm,1,59
1220,1207,1112,False,Nucleus,1,59
1221,1335,1133,False,Cytoplasm,1,59
1222,1386,1145,False,Cytoplasm,1,59
1223,1248,1147,False,Nucleus,1,59
1224,1326,1152,False,Cytoplasm,1,59
1225,1322,1153,False,Cytoplasm,1,59
1226,895,1166,False,Cytoplasm,1,59
1227,1335,1183,False,Cytoplasm,1,59
1228,1448,1195,False,Cytoplasm,1,59
1229,1279,1213,False,Cytoplasm,1,59
1230,1368,1228,False,Cytoplasm,1,59
1231,1148,1265,False,Nucleus,1,59
1232,1063,1271,False,Cytoplasm,1,59
1233,1283,1275,False,Cytoplasm,1,59
1234,1178,1278,False,Nucleus,1,59
1235,1071,1315,False,Cytoplasm,1,59
1236,1103,1319,False,Cytoplasm,1,59
1237,1120,1340,False,Cytoplasm,1,59
1238,1110,1356,False,Cytoplasm,1,59
1239,1177,1429,False,Cytoplasm,1,59
1240,1028,834,False,Cytoplasm,1,59
1241,1047,895,False,Cytoplasm,1,59
1242,1231,919,False,Cytoplasm,1,59
1243,1110,973,False,Cytoplasm,1,59
1244,1108,973,False,Cytoplasm,1,59
1245,1204,997,False,Cytoplasm,1,59
1246,966,1001,False,Cytoplasm,1,59
1247,1184,1006,False,Cytoplasm,1,59
1248,1232,1007,False,Cytoplasm,1,59
1249,1165,1011,False,Cytoplasm,1,59
1250,1264,1018,False,Cytoplasm,1,59
1251,1124,1027,False,Cytoplasm,1,59
1252,1146,1043,False,Cytoplasm,1,59
1253,1148,1043,False,Cytoplasm,1,59
1254,1123,1058,False,Cytoplasm,1,59
1255,1119,1058,False,Cytoplasm,1,59
1256,1264,1061,False,Cytoplasm,1,59
1257,1340,1073,False,Cytoplasm,1,59
1258,1062,1074,False,Cytoplasm,1,59
1259,1027,1086,False,Cytoplasm,1,59
1260,1025,1086,False,Cytoplasm,1,59
1261,1245,1085,False,Cytoplasm,1,59
1262,860,1086,False,Cytoplasm,1,59
1263,1147,1088,False,Nucleus,1,59
1264,1295,1096,False,Cytoplasm,1,59
1265,1219,1096,False,Nucleus,1,59
1266,1217,1098,False,Nucleus,1,59
1267,953,1099,False,Cytoplasm,1,59
1268,1260,1105,False,Cytoplasm,1,59
1269,1261,1103,False,Cytoplasm,1,59
1270,1261,1115,False,Cytoplasm,1,59
1271,1328,1122,False,Cytoplasm,1,59
1272,981,1123,False,Cytoplasm,1,59
1273,1299,1125,False,Cytoplasm,1,59
1274,1300,1126,False,Cytoplasm,1,59
1275,1300,1130,False,Cytoplasm,1,59
1276,1286,1127,False,Cytoplasm,1,59
1277,962,1131,False,Cytoplasm,1,59
1278,1228,1132,False,Nucleus,1,59
1279,1267,1134,False,Cytoplasm,1,59
1280,1267,1134,False,Cytoplasm,1,59
1281,1032,1138,False,Cytoplasm,1,59
1282,1034,1144,False,Cytoplasm,1,59
1283,1003,1155,False,Cytoplasm,1,59
1284,1005,1152,False,Cytoplasm,1,59
1285,1274,1157,False,Cytoplasm,1,59
1286,1200,1164,False,Nucleus,1,59
1287,1199,1163,False,Nucleus,1,59
1288,1387,1167,False,Cytoplasm,1,59
1289,1387,1167,False,Cytoplasm,1,59
1290,1009,1167,False,Cytoplasm,1,59
1291,1003,1169,False,Cytoplasm,1,59
1292,1260,1168,False,Nucleus,1,59
1293,1294,1171,False,Cytoplasm,1,59
1294,1390,1173,False,Cytoplasm,1,59
1295,1217,1176,False,Nucleus,1,59
1296,1020,1178,False,Cytoplasm,1,59
1297,1064,1180,False,Cytoplasm,1,59
1298,1066,1183,False,Nucleus,1,59
1299,1143,1187,False,Nucleus,1,59
1300,1262,1188,False,Nucleus,1,59
1301,983,1191,False,Cytoplasm,1,59
1302,979,1190,False,Cytoplasm,1,59
1303,1276,1197,False,Cytoplasm,1,59
1304,1039,1197,False,Cytoplasm,1,59
1305,1338,1197,False,Cytoplasm,1,59
1306,1133,1201,False,Nucleus,1,59
1307,1135,1202,False,Nucleus,1,59
1308,1058,1204,False,Cytoplasm,1,59
1309,1302,1204,False,Cytoplasm,1,59
1310,807,1211,False,Cytoplasm,1,59
1311,1392,1214,False,Cytoplasm,1,59
1312,1322,1223,False,Cytoplasm,1,59
1313,1029,1226,False,Cytoplasm,1,59
1314,946,1226,False,Cytoplasm,1,59
1315,988,1226,False,Cytoplasm,1,59
1316,1131,1234,False,Nucleus,1,59
1317,1130,1235,False,Nucleus,1,59
1318,978,1242,False,Cytoplasm,1,59
1319,981,1244,False,Cytoplasm,1,59
1320,1196,1244,False,Nucleus,1,59
1321,976,1246,False,Cytoplasm,1,59
1322,1185,1245,False,Nucleus,1,59
1323,1309,1247,False,Cytoplasm,1,59
1324,1308,1246,False,Cytoplasm,1,59
1325,959,1251,False,Cytoplasm,1,59
1326,1285,1256,False,Cytoplasm,1,59
1327,1305,1258,False,Cytoplasm,1,59
1328,1303,1257,False,Cytoplasm,1,59
1329,1181,1265,False,Nucleus,1,59
1330,1199,1268,False,Nucleus,1,59
1331,1200,1267,False,Nucleus,1,59
1332,1199,1268,False,Nucleus,1,59
1333,1200,1267,False,Nucleus,1,59
1334,1198,1267,False,Nucleus,1,59
1335,1201,1269,False,Nucleus,1,59
1336,1200,1272,False,Nucleus,1,59
1337,1032,1283,False,Cytoplasm,1,59
1338,1062,1283,False,Cytoplasm,1,59
1339,1070,1286,False,Cytoplasm,1,59
1340,1139,1286,False,Nucleus,1,59
1341,1132,1290,False,Nucleus,1,59
1342,1092,1292,False,Cytoplasm,1,59
1343,1265,1292,False,Cytoplasm,1,59
1344,931,1293,False,Cytoplasm,1,59
1345,1119,1294,False,Cytoplasm,1,59
1346,1247,1330,False,Cytoplasm,1,59
1347,997,1334,False,Cytoplasm,1,59
1348,1025,1336,False,Cytoplasm,1,59
1349,1205,1339,False,Cytoplasm,1,59
1350,1054,1351,False,Cytoplasm,1,59
1351,1053,1352,False,Cytoplasm,1,59
1352,1268,1199,True,Nucleus,1,59
1353,470,1536,False,Nucleus,1,61
1354,592,524,False,Cytoplasm,1,63
1355,602,577,False,Cytoplasm,1,63
1356,1122,691,False,Cytoplasm,2,63
1357,1223,913,False,Cytoplasm,2,63
1358,1028,959,False,Nucleus,2,63
1359,1231,962,False,Cytoplasm,2,63
1360,955,990,False,Cytoplasm,2,63
1361,1145,1029,False,Nucleus,2,63
1362,1067,1050,False,Nucleus,2,63
1363,994,1142,False,Cytoplasm,2,63
1364,607,511,False,Nucleus,1,63
1365,1128,642,False,Cytoplasm,2,63
1366,1082,703,False,Cytoplasm,2,63
1367,1083,956,False,Nucleus,2,63
1368,1146,1029,False,Nucleus,2,63
1369,995,1141,False,Cytoplasm,2,63
1370,1114,813,False,Cytoplasm,2,63
1371,1030,837,False,Cytoplasm,2,63
1372,1121,882,False,Cytoplasm,2,63
1373,1193,936,False,Cytoplasm,2,63
1374,1036,1007,False,Nucleus,2,63
1375,1233,1011,False,Cytoplasm,2,63
1376,1071,1064,False,Nucleus,2,63
1377,1056,1101,False,Cytoplasm,2,63
1378,1564,1435,False,Nucleus,3,64
1379,1360,298,False,Cytoplasm,1,66
1380,1380,303,False,Cytoplasm,1,66
1381,1058,338,False,Cytoplasm,1,66
1382,977,352,False,Cytoplasm,1,66
1383,1190,364,False,Nucleus,1,66
1384,1141,367,False,Cytoplasm,1,66
1385,998,383,False,Cytoplasm,1,66
1386,867,393,False,Cytoplasm,1,66
1387,1104,394,False,Cytoplasm,1,66
1388,948,404,False,Cytoplasm,1,66
1389,1045,419,False,Cytoplasm,1,66
1390,436,896,False,Nucleus,2,66
1391,377,991,False,Cytoplasm,2,66
1392,463,996,False,Cytoplasm,2,66
1393,1317,280,False,Cytoplasm,1,66
1394,1444,299,False,Cytoplasm,1,66
1395,1162,361,False,Nucleus,1,66
1396,999,383,False,Cytoplasm,1,66
1397,1328,383,False,Cytoplasm,1,66
1398,435,890,False,Nucleus,2,66
1399,437,897,False,Nucleus,2,66
1400,1355,285,False,Cytoplasm,1,66
1401,1352,284,False,Cytoplasm,1,66
1402,1203,305,False,Nucleus,1,66
1403,1197,357,False,Nucleus,1,66
1404,1157,362,False,Nucleus,1,66
1405,365,797,False,Cytoplasm,2,66
1406,361,846,False,Nucleus,2,66
1407,361,844,False,Nucleus,2,66
1408,360,848,False,Nucleus,2,66
1409,361,844,False,Nucleus,2,66
1410,359,848,False,Nucleus,2,66
1411,361,847,False,Nucleus,2,66
1412,359,844,False,Nucleus,2,66
1413,358,849,False,Nucleus,2,66
1414,361,844,False,Nucleus,2,66
1415,363,846,False,Nucleus,2,66
1416,357,846,False,Nucleus,2,66
1417,365,844,False,Nucleus,2,66
1418,360,848,False,Nucleus,2,66
1419,362,842,False,Nucleus,2,66
1420,398,852,False,Nucleus,2,66
1421,398,852,False,Nucleus,2,66
1422,398,852,False,Nucleus,2,66
1423,397,851,False,Nucleus,2,66
1424,399,853,False,Nucleus,2,66
1425,400,851,False,Nucleus,2,66
1426,397,854,False,Nucleus,2,66
1427,397,851,False,Nucleus,2,66
1428,395,853,False,Nucleus,2,66
1429,400,851,False,Nucleus,2,66
1430,399,853,False,Nucleus,2,66
1431,398,848,False,Nucleus,2,66
1432,395,853,False,Nucleus,2,66
1433,397,851,False,Nucleus,2,66
1434,397,854,False,Nucleus,2,66
1435,394,850,False,Nucleus,2,66
1436,400,851,False,Nucleus,2,66
1437,398,848,False,Nucleus,2,66
1438,399,854,False,Nucleus,2,66
1439,402,852,False,Nucleus,2,66
1440,395,853,False,Nucleus,2,66
1441,393,857,False,Nucleus,2,66
1442,395,848,False,Nucleus,2,66
1443,398,858,False,Nucleus,2,66
1444,444,977,False,Nucleus,2,66
1445,444,978,False,Nucleus,2,66
1446,444,979,False,Nucleus,2,66
1447,444,977,False,Nucleus,2,66
1448,446,979,False,Nucleus,2,66
1449,443,979,False,Nucleus,2,66
1450,445,977,False,Nucleus,2,66
1451,446,979,False,Nucleus,2,66
1452,441,977,False,Nucleus,2,66
1453,443,979,False,Nucleus,2,66
1454,446,977,False,Nucleus,2,66
1455,446,979,False,Nucleus,2,66
1456,441,977,False,Nucleus,2,66
1457,444,977,False,Nucleus,2,66
1458,443,979,False,Nucleus,2,66
1459,446,979,False,Nucleus,2,66
1460,441,977,False,Nucleus,2,66
1461,442,980,False,Nucleus,2,66
1462,446,977,False,Nucleus,2,66
1463,444,974,False,Nucleus,2,66
1464,445,984,False,Nucleus,2,66
1465,439,980,False,Nucleus,2,66
1466,441,977,False,Nucleus,2,66
1467,439,984,False,Nucleus,2,66
1468,439,984,False,Nucleus,2,66
1469,845,360,True,Cytoplasm,1,66
1470,852,397,True,Cytoplasm,1,66
1471,941,1488,True,Cytoplasm,2,66
1472,978,443,True,Cytoplasm,1,66
1473,776,202,False,Cytoplasm,1,68
1474,1301,451,False,Cytoplasm,1,68
1475,1500,503,False,Cytoplasm,1,68
1476,1573,518,False,Nucleus,1,68
1477,1539,533,False,Cytoplasm,1,68
1478,1559,539,False,Cytoplasm,1,68
1479,1660,546,False,Nucleus,1,68
1480,1601,562,False,Nucleus,1,68
1481,1678,571,False,Nucleus,1,68
1482,1720,587,False,Nucleus,1,68
1483,1754,606,False,Nucleus,1,68
1484,1678,697,False,Cytoplasm,2,68
1485,1717,766,False,Cytoplasm,2,68
1486,1639,797,False,Cytoplasm,2,68
1487,1746,856,False,Cytoplasm,2,68
1488,1633,857,False,Cytoplasm,2,68
1489,1624,873,False,Nucleus,2,68
1490,1551,887,False,Cytoplasm,2,68
1491,1708,890,False,Nucleus,2,68
1492,1538,914,False,Cytoplasm,2,68
1493,1659,919,False,Nucleus,2,68
1494,1674,932,False,Nucleus,2,68
1495,1638,947,False,Nucleus,2,68
1496,1495,968,False,Cytoplasm,2,68
1497,1551,989,False,Cytoplasm,2,68
1498,1591,991,False,Nucleus,2,68
1499,1619,996,False,Nucleus,2,68
1500,1594,1007,False,Nucleus,2,68
1501,1452,1045,False,Cytoplasm,2,68
1502,1637,502,False,Nucleus,1,68
1503,1574,518,False,Nucleus,1,68
1504,1558,540,False,Cytoplasm,1,68
1505,1633,856,False,Cytoplasm,2,68
1506,1615,888,False,Nucleus,2,68
1507,1703,915,False,Nucleus,2,68
1508,1567,973,False,Nucleus,2,68
1509,1492,1008,False,Cytoplasm,2,68
1510,1601,1012,False,Nucleus,2,68
1511,1625,1039,False,Cytoplasm,2,68
1512,1618,1046,False,Cytoplasm,2,68
1513,1326,420,False,Cytoplasm,1,68
1514,1542,518,False,Cytoplasm,1,68
1515,1539,527,False,Cytoplasm,1,68
1516,1539,524,False,Cytoplasm,1,68
1517,1571,530,False,Nucleus,1,68
1518,1544,533,False,Cytoplasm,1,68
1519,1551,532,False,Cytoplasm,1,68
1520,1568,542,False,Cytoplasm,1,68
1521,1669,554,False,Nucleus,1,68
1522,1667,553,False,Nucleus,1,68
1523,1669,554,False,Nucleus,1,68
1524,1667,554,False,Nucleus,1,68
1525,1670,556,False,Nucleus,1,68
1526,1669,552,False,Nucleus,1,68
1527,1666,552,False,Nucleus,1,68
1528,1671,552,False,Nucleus,1,68
1529,1669,555,False,Nucleus,1,68
1530,1667,551,False,Nucleus,1,68
1531,1677,585,False,Nucleus,1,68
1532,1596,769,False,Cytoplasm,2,68
1533,1595,768,False,Cytoplasm,2,68
1534,1777,829,False,Cytoplasm,2,68
1535,1701,860,False,Cytoplasm,2,68
1536,1627,897,False,Nucleus,2,68
1537,1675,897,False,Nucleus,2,68
1538,1734,971,False,Cytoplasm,2,68
1539,1586,980,False,Nucleus,2,68
1540,1586,981,False,Nucleus,2,68
1541,1529,991,False,Cytoplasm,2,68
1542,1580,995,False,Nucleus,2,68
1543,1580,995,False,Nucleus,2,68
1544,1579,997,False,Nucleus,2,68
1545,1582,995,False,Nucleus,2,68
1546,1571,994,False,Nucleus,2,68
1547,1644,1001,False,Nucleus,2,68
1548,1550,1058,False,Cytoplasm,2,69
1549,1596,1139,False,Cytoplasm,2,69
1550,1603,1144,False,Cytoplasm,2,69
1551,1486,1185,False,Cytoplasm,2,69
1552,1620,1201,False,Nucleus,2,69
1553,1647,1212,False,Cytoplasm,2,69
1554,1498,1231,False,Nucleus,2,69
1555,1669,1233,False,Cytoplasm,2,69
1556,1493,1242,False,Nucleus,2,69
1557,1558,1249,False,Nucleus,2,69
1558,1624,1252,False,Cytoplasm,2,69
1559,1433,1295,False,Cytoplasm,2,69
1560,1523,1319,False,Cytoplasm,2,69
1561,1427,1332,False,Cytoplasm,2,69
1562,1437,1340,False,Cytoplasm,2,69
1563,1537,1341,False,Cytoplasm,2,69
1564,1512,1353,False,Cytoplasm,2,69
1565,1519,1352,False,Cytoplasm,2,69
1566,1449,1361,False,Cytoplasm,2,69
1567,1461,1362,False,Cytoplasm,2,69
1568,1446,1367,False,Cytoplasm,2,69
1569,1445,1380,False,Cytoplasm,2,69
1570,1412,1480,False,Cytoplasm,2,69
1571,1368,1502,False,Cytoplasm,2,69
1572,1475,1188,False,Cytoplasm,2,69
1573,1499,1232,False,Nucleus,2,69
1574,1609,1259,False,Nucleus,2,69
1575,1566,1286,False,Nucleus,2,69
1576,1535,1334,False,Cytoplasm,2,69
1577,1485,1338,False,Cytoplasm,2,69
1578,1457,1356,False,Cytoplasm,2,69
1579,1477,1359,False,Cytoplasm,2,69
1580,1367,1503,False,Cytoplasm,2,69
1581,1473,1208,False,Cytoplasm,2,69
1582,1641,1210,False,Cytoplasm,2,69
1583,1637,1211,False,Cytoplasm,2,69
1584,1618,1249,False,Nucleus,2,69
1585,1605,1292,False,Nucleus,2,69
1586,1605,1295,False,Cytoplasm,2,69
1587,1601,1300,False,Cytoplasm,2,69
1588,1572,1307,False,Nucleus,2,69
1589,1573,1308,False,Nucleus,2,69
1590,1513,1353,False,Cytoplasm,2,69
1591,1463,1377,False,Cytoplasm,2,69
1592,1434,692,False,Nucleus,1,72
1593,1607,734,False,Cytoplasm,1,72
1594,1448,735,False,Nucleus,1,72
1595,1589,792,False,Cytoplasm,1,72
1596,1508,802,False,Cytoplasm,1,72
1597,1436,691,False,Nucleus,1,72
1598,1528,827,False,Cytoplasm,1,72
1599,1456,696,False,Nucleus,1,72
1600,1436,702,False,Nucleus,1,72
1601,1584,726,False,Cytoplasm,1,72
1602,1591,792,False,Cytoplasm,1,72
1603,1522,813,False,Cytoplasm,1,72
1604,267,558,False,Nucleus,1,74
1605,264,613,False,Nucleus,1,74
1606,833,854,False,Cytoplasm,2,74
1607,290,857,False,Cytoplasm,1,74
1608,447,904,False,Cytoplasm,1,74
1609,747,959,False,Cytoplasm,2,74
1610,633,1048,False,Cytoplasm,2,74
1611,623,1153,False,Cytoplasm,2,74
1612,829,1156,False,Cytoplasm,2,74
1613,630,1182,False,Cytoplasm,2,74
1614,830,1186,False,Cytoplasm,2,74
1615,873,1218,False,Cytoplasm,2,74
1616,263,614,False,Nucleus,1,74
1617,304,615,False,Nucleus,1,74
1618,717,934,False,Cytoplasm,2,74
1619,691,1007,False,Cytoplasm,2,74
1620,611,1082,False,Cytoplasm,2,74
1621,802,1099,False,Nucleus,2,74
1622,791,1224,False,Cytoplasm,2,74
1623,307,519,False,Nucleus,1,74
1624,308,519,False,Nucleus,1,74
1625,307,519,False,Nucleus,1,74
1626,308,518,False,Nucleus,1,74
1627,308,519,False,Nucleus,1,74
1628,309,517,False,Nucleus,1,74
1629,306,518,False,Nucleus,1,74
1630,309,517,False,Nucleus,1,74
1631,307,520,False,Nucleus,1,74
1632,306,516,False,Nucleus,1,74
1633,309,519,False,Nucleus,1,74
1634,308,522,False,Nucleus,1,74
1635,306,518,False,Nucleus,1,74
1636,305,521,False,Nucleus,1,74
1637,309,517,False,Nucleus,1,74
1638,311,524,False,Nucleus,1,74
1639,363,529,False,Nucleus,1,74
1640,363,529,False,Nucleus,1,74
1641,363,529,False,Nucleus,1,74
1642,363,529,False,Nucleus,1,74
1643,365,526,False,Nucleus,1,74
1644,247,547,False,Nucleus,1,74
1645,259,571,False,Nucleus,1,74
1646,260,570,False,Nucleus,1,74
1647,260,572,False,Nucleus,1,74
1648,258,569,False,Nucleus,1,74
1649,291,858,False,Cytoplasm,1,74
1650,704,493,False,Cytoplasm,1,75
1651,649,538,False,Cytoplasm,1,75
1652,562,556,False,Cytoplasm,1,75
1653,800,1325,False,Nucleus,2,75
1654,786,1396,False,Cytoplasm,2,75
1655,820,1422,False,Cytoplasm,2,75
1656,586,440,False,Nucleus,1,75
1657,586,440,False,Nucleus,1,75
1658,712,450,False,Cytoplasm,1,75
1659,711,462,False,Cytoplasm,1,75
1660,710,470,False,Cytoplasm,1,75
1661,681,512,False,Cytoplasm,1,75
1662,616,540,False,Cytoplasm,1,75
1663,942,1156,False,Cytoplasm,2,75
1664,776,1187,False,Cytoplasm,2,75
1665,789,1191,False,Cytoplasm,2,75
1666,875,590,False,Cytoplasm,1,76
1667,897,594,False,Cytoplasm,1,76
1668,879,673,False,Cytoplasm,1,76
1669,800,795,False,Cytoplasm,1,76
1670,961,797,False,Cytoplasm,1,76
1671,988,803,False,Cytoplasm,1,76
1672,889,848,False,Cytoplasm,1,76
1673,873,850,False,Cytoplasm,1,76
1674,798,790,False,Cytoplasm,1,76
1675,781,812,False,Cytoplasm,1,76
1676,837,638,False,Cytoplasm,1,76
1677,778,760,False,Cytoplasm,1,76
1678,936,803,False,Nucleus,1,76
1679,818,815,False,Cytoplasm,1,76
1680,828,824,False,Cytoplasm,1,76
1681,891,857,False,Cytoplasm,1,76
1682,430,697,False,Cytoplasm,1,77
1683,1294,984,False,Cytoplasm,2,77
1684,1320,991,False,Cytoplasm,2,77
1685,1347,1017,False,Nucleus,2,77
1686,1336,1018,False,Nucleus,2,77
1687,1328,1036,False,Nucleus,2,77
1688,1357,1084,False,Nucleus,2,77
1689,1380,1087,False,Nucleus,2,77
1690,1346,1120,False,Nucleus,2,77
1691,1472,1134,False,Cytoplasm,2,77
1692,1497,1165,False,Cytoplasm,2,77
1693,1261,1000,False,Cytoplasm,2,77
1694,1259,1002,False,Cytoplasm,2,77
1695,1360,1019,False,Nucleus,2,77
1696,1386,1023,False,Cytoplasm,2,77
1697,1247,1026,False,Cytoplasm,2,77
1698,1411,1144,False,Cytoplasm,2,77
1699,1473,1162,False,Cytoplasm,2,77
1700,456,619,False,Cytoplasm,1,77
1701,621,660,False,Cytoplasm,1,77
1702,1208,968,False,Cytoplasm,2,77
1703,1358,1085,False,Nucleus,2,77
1704,1408,1111,False,Nucleus,2,77
1705,1369,1114,False,Nucleus,2,77
1706,1388,1118,False,Nucleus,2,77
1707,1376,1122,False,Nucleus,2,77
1708,1383,1123,False,Nucleus,2,77
1709,1383,1123,False,Nucleus,2,77
1710,1385,1122,False,Nucleus,2,77
1711,1381,1127,False,Nucleus,2,77
1712,1385,1124,False,Nucleus,2,77
1713,1379,1132,False,Nucleus,2,77
1714,1380,1133,False,Nucleus,2,77
1715,1516,1160,False,Cytoplasm,2,77
1716,666,979,False,Cytoplasm,1,78
1717,518,1058,False,Nucleus,1,78
1718,585,1079,False,Cytoplasm,1,78
1719,560,1085,False,Nucleus,1,78
1720,502,1108,False,Nucleus,1,78
1721,526,1115,False,Cytoplasm,1,78
1722,454,1147,False,Cytoplasm,1,78
1723,574,1010,False,Nucleus,1,78
1724,514,1098,False,Nucleus,1,78
1725,525,1103,False,Nucleus,1,78
1726,536,1102,False,Cytoplasm,1,78
1727,466,1120,False,Cytoplasm,1,78
1728,402,1273,False,Cytoplasm,1,78
1729,393,1288,False,Cytoplasm,1,78
1730,462,1044,False,Nucleus,1,78
1731,598,1069,False,Cytoplasm,1,78
1732,598,1071,False,Cytoplasm,1,78
1733,570,1078,False,Nucleus,1,78
1734,544,1096,False,Nucleus,1,78
1735,518,1109,False,Cytoplasm,1,78
1736,451,1147,False,Cytoplasm,1,78
1737,455,1149,False,Cytoplasm,1,78
1738,1275,1306,False,Cytoplasm,1,80
1739,1362,1377,False,Cytoplasm,1,80
1740,1189,1251,False,Cytoplasm,1,80
1741,1514,416,False,Cytoplasm,2,82
1742,1541,432,False,Cytoplasm,2,82
1743,1440,438,False,Cytoplasm,2,82
1744,1496,448,False,Cytoplasm,2,82
1745,1390,460,False,Nucleus,2,82
1746,1462,467,False,Nucleus,2,82
1747,1508,483,False,Cytoplasm,2,82
1748,1331,488,False,Cytoplasm,2,82
1749,1322,494,False,Cytoplasm,2,82
1750,1457,494,False,Nucleus,2,82
1751,1471,512,False,Nucleus,2,82
1752,1344,518,False,Cytoplasm,2,82
1753,1515,552,False,Nucleus,2,82
1754,1445,567,False,Nucleus,2,82
1755,1439,645,False,Cytoplasm,2,82
1756,1432,652,False,Cytoplasm,2,82
1757,1444,653,False,Cytoplasm,2,82
1758,1421,657,False,Cytoplasm,2,82
1759,1407,659,False,Cytoplasm,2,82
1760,1448,672,False,Cytoplasm,2,82
1761,1438,697,False,Cytoplasm,2,82
1762,1430,746,False,Cytoplasm,2,82
1763,1432,784,False,Cytoplasm,2,82
1764,1380,803,False,Cytoplasm,2,82
1765,1057,820,False,Cytoplasm,3,82
1766,1105,850,False,Cytoplasm,3,82
1767,1413,850,False,Cytoplasm,2,82
1768,1453,861,False,Cytoplasm,2,82
1769,1156,864,False,Cytoplasm,3,82
1770,1441,882,False,Cytoplasm,2,82
1771,1441,913,False,Cytoplasm,2,82
1772,1446,922,False,Cytoplasm,2,82
1773,1182,928,False,Cytoplasm,3,82
1774,1160,931,False,Cytoplasm,3,82
1775,1150,943,False,Cytoplasm,3,82
1776,1446,948,False,Cytoplasm,2,82
1777,1434,974,False,Cytoplasm,2,82
1778,1496,990,False,Cytoplasm,2,82
1779,1172,1018,False,Nucleus,3,82
1780,1520,1033,False,Cytoplasm,2,82
1781,1231,1077,False,Nucleus,3,82
1782,1544,1114,False,Cytoplasm,2,82
1783,801,1300,False,Nucleus,4,82
1784,880,1363,False,Cytoplasm,4,82
1785,1317,460,False,Cytoplasm,2,82
1786,1354,465,False,Cytoplasm,2,82
1787,1323,494,False,Cytoplasm,2,82
1788,1329,500,False,Cytoplasm,2,82
1789,1331,503,False,Cytoplasm,2,82
1790,1334,506,False,Cytoplasm,2,82
1791,1472,513,False,Nucleus,2,82
1792,1529,521,False,Cytoplasm,2,82
1793,1524,529,False,Cytoplasm,2,82
1794,1512,572,False,Cytoplasm,2,82
1795,1430,575,False,Nucleus,2,82
1796,1431,590,False,Nucleus,2,82
1797,1496,591,False,Nucleus,2,82
1798,1489,593,False,Nucleus,2,82
1799,1404,633,False,Cytoplasm,2,82
1800,1452,637,False,Cytoplasm,2,82
1801,1420,656,False,Cytoplasm,2,82
1802,1406,659,False,Cytoplasm,2,82
1803,1447,672,False,Cytoplasm,2,82
1804,1414,687,False,Cytoplasm,2,82
1805,1436,717,False,Cytoplasm,2,82
1806,1067,750,False,Cytoplasm,3,82
1807,1424,764,False,Cytoplasm,2,82
1808,1102,788,False,Cytoplasm,3,82
1809,1423,789,False,Cytoplasm,2,82
1810,1138,824,False,Cytoplasm,3,82
1811,1091,841,False,Cytoplasm,3,82
1812,1125,844,False,Cytoplasm,3,82
1813,1140,844,False,Cytoplasm,3,82
1814,1128,877,False,Cytoplasm,3,82
1815,1165,900,False,Cytoplasm,3,82
1816,1125,903,False,Cytoplasm,3,82
1817,1183,911,False,Cytoplasm,3,82
1818,1138,922,False,Cytoplasm,3,82
1819,1152,922,False,Cytoplasm,3,82
1820,1182,930,False,Cytoplasm,3,82
1821,1459,930,False,Cytoplasm,2,82
1822,1497,992,False,Cytoplasm,2,82
1823,1229,1004,False,Nucleus,3,82
1824,1484,1036,False,Cytoplasm,2,82
1825,1287,1045,False,Nucleus,3,82
1826,871,1357,False,Nucleus,4,82
1827,882,1362,False,Cytoplasm,4,82
1828,879,1363,False,Cytoplasm,4,82
1829,1429,471,False,Nucleus,2,82
1830,1429,470,False,Nucleus,2,82
1831,1429,471,False,Nucleus,2,82
1832,1429,470,False,Nucleus,2,82
1833,1428,472,False,Nucleus,2,82
1834,1429,470,False,Nucleus,2,82
1835,1428,472,False,Nucleus,2,82
1836,1429,470,False,Nucleus,2,82
1837,1431,473,False,Nucleus,2,82
1838,1427,470,False,Nucleus,2,82
1839,1428,472,False,Nucleus,2,82
1840,1431,473,False,Nucleus,2,82
1841,1430,470,False,Nucleus,2,82
1842,1427,470,False,Nucleus,2,82
1843,1431,473,False,Nucleus,2,82
1844,1431,470,False,Nucleus,2,82
1845,1428,472,False,Nucleus,2,82
1846,1278,473,False,Cytoplasm,2,82
1847,1350,507,False,Nucleus,2,82
1848,1408,532,False,Nucleus,2,82
1849,1364,537,False,Nucleus,2,82
1850,1364,537,False,Nucleus,2,82
1851,1365,536,False,Nucleus,2,82
1852,1364,537,False,Nucleus,2,82
1853,1365,536,False,Nucleus,2,82
1854,1363,536,False,Nucleus,2,82
1855,1365,538,False,Nucleus,2,82
1856,1363,536,False,Nucleus,2,82
1857,1364,533,False,Nucleus,2,82
1858,1365,538,False,Nucleus,2,82
1859,1365,536,False,Nucleus,2,82
1860,1362,539,False,Nucleus,2,82
1861,1364,533,False,Nucleus,2,82
1862,1366,539,False,Nucleus,2,82
1863,1361,533,False,Nucleus,2,82
1864,1363,536,False,Nucleus,2,82
1865,1373,571,False,Nucleus,2,82
1866,1384,612,False,Nucleus,2,82
1867,1416,620,False,Nucleus,2,82
1868,1417,621,False,Nucleus,2,82
1869,1417,619,False,Nucleus,2,82
1870,1417,621,False,Nucleus,2,82
1871,1416,619,False,Nucleus,2,82
1872,1415,622,False,Nucleus,2,82
1873,1414,619,False,Nucleus,2,82
1874,1418,617,False,Nucleus,2,82
1875,1417,621,False,Nucleus,2,82
1876,1415,618,False,Nucleus,2,82
1877,1415,622,False,Nucleus,2,82
1878,1422,620,False,Nucleus,2,82
1879,1417,616,False,Nucleus,2,82
1880,1420,622,False,Nucleus,2,82
1881,1414,619,False,Nucleus,2,82
1882,1417,624,False,Nucleus,2,82
1883,1419,617,False,Nucleus,2,82
1884,1387,621,False,Cytoplasm,2,82
1885,1388,622,False,Cytoplasm,2,82
1886,1434,640,False,Cytoplasm,2,82
1887,1439,641,False,Cytoplasm,2,82
1888,1440,644,False,Cytoplasm,2,82
1889,1409,660,False,Cytoplasm,2,82
1890,1416,662,False,Cytoplasm,2,82
1891,1455,665,False,Cytoplasm,2,82
1892,1455,665,False,Cytoplasm,2,82
1893,1426,670,False,Cytoplasm,2,82
1894,1419,792,False,Cytoplasm,2,82
1895,1125,810,False,Cytoplasm,3,82
1896,1139,859,False,Cytoplasm,3,82
1897,1138,860,False,Cytoplasm,3,82
1898,1137,857,False,Cytoplasm,3,82
1899,1122,882,False,Cytoplasm,3,82
1900,1122,879,False,Cytoplasm,3,82
1901,1124,883,False,Cytoplasm,3,82
1902,1145,895,False,Cytoplasm,3,82
1903,1167,937,False,Cytoplasm,3,82
1904,1169,939,False,Cytoplasm,3,82
1905,1170,936,False,Cytoplasm,3,82
1906,1276,962,False,Cytoplasm,3,82
1907,1275,961,False,Cytoplasm,3,82
1908,1279,963,False,Cytoplasm,3,82
1909,1295,1043,False,Nucleus,3,82
1910,817,1259,False,Cytoplasm,4,82
1911,619,1416,True,Cytoplasm,4,82
1912,504,317,False,Cytoplasm,1,83
1913,1214,624,False,Cytoplasm,1,87
1914,1214,633,False,Cytoplasm,1,87
1915,1266,646,False,Cytoplasm,1,87
1916,1199,651,False,Cytoplasm,1,87
1917,1231,668,False,Cytoplasm,1,87
1918,243,1131,False,Cytoplasm,2,87
1919,519,1199,False,Cytoplasm,2,87
1920,489,1245,False,Cytoplasm,2,87
1921,455,1262,False,Nucleus,2,87
1922,499,1290,False,Cytoplasm,2,87
1923,768,1336,False,Cytoplasm,3,87
1924,842,1388,False,Nucleus,3,87
1925,870,1539,False,Cytoplasm,3,87
1926,1226,674,False,Cytoplasm,1,87
1927,378,1188,False,Cytoplasm,2,87
1928,412,1218,False,Nucleus,2,87
1929,1399,462,False,Cytoplasm,2,91
1930,1436,489,False,Nucleus,2,91
1931,1331,490,False,Cytoplasm,2,91
1932,1454,500,False,Nucleus,2,91
1933,1394,544,False,Nucleus,2,91
1934,1335,575,False,Cytoplasm,2,91
1935,1432,579,False,Nucleus,2,91
1936,1409,583,False,Nucleus,2,91
1937,1375,587,False,Cytoplasm,2,91
1938,1414,608,False,Cytoplasm,2,91
1939,1370,611,False,Cytoplasm,2,91
1940,1383,619,False,Cytoplasm,2,91
1941,1438,625,False,Cytoplasm,2,91
1942,1425,1424,False,Cytoplasm,3,91
1943,1541,1552,False,Cytoplasm,3,91
1944,1523,1560,False,Nucleus,3,91
1945,1452,435,False,Cytoplasm,2,91
1946,1363,497,False,Cytoplasm,2,91
1947,1361,505,False,Cytoplasm,2,91
1948,1307,526,False,Cytoplasm,2,91
1949,1309,535,False,Cytoplasm,2,91
1950,1344,541,False,Cytoplasm,2,91
1951,1508,570,False,Nucleus,2,91
1952,1508,588,False,Nucleus,2,91
1953,1362,617,False,Cytoplasm,2,91
1954,1384,620,False,Cytoplasm,2,91
1955,1461,624,False,Cytoplasm,2,91
1956,1420,626,False,Cytoplasm,2,91
1957,1438,630,False,Cytoplasm,2,91
1958,1407,651,False,Cytoplasm,2,91
1959,1465,1435,False,Cytoplasm,3,91
1960,1552,1541,False,Nucleus,3,91
1961,407,222,False,Nucleus,1,91
1962,408,221,False,Nucleus,1,91
1963,407,222,False,Nucleus,1,91
1964,408,221,False,Nucleus,1,91
1965,407,222,False,Nucleus,1,91
1966,409,223,False,Nucleus,1,91
1967,407,221,False,Nucleus,1,91
1968,409,223,False,Nucleus,1,91
1969,409,220,False,Nucleus,1,91
1970,410,225,False,Nucleus,1,91
1971,411,223,False,Nucleus,1,91
1972,407,221,False,Nucleus,1,91
1973,409,220,False,Nucleus,1,91
1974,409,225,False,Nucleus,1,91
1975,407,222,False,Nucleus,1,91
1976,411,218,False,Nucleus,1,91
1977,411,223,False,Nucleus,1,91
1978,408,226,False,Nucleus,1,91
1979,413,225,False,Nucleus,1,91
1980,406,224,False,Nucleus,1,91
1981,413,220,False,Nucleus,1,91
1982,1437,471,False,Nucleus,2,91
1983,1438,467,False,Nucleus,2,91
1984,1437,469,False,Nucleus,2,91
1985,1436,472,False,Nucleus,2,91
1986,1441,469,False,Nucleus,2,91
1987,1439,472,False,Nucleus,2,91
1988,1439,466,False,Nucleus,2,91
1989,1433,470,False,Nucleus,2,91
1990,1435,467,False,Nucleus,2,91
1991,1441,470,False,Nucleus,2,91
1992,1436,472,False,Nucleus,2,91
1993,1421,530,False,Nucleus,2,91
1994,1402,565,False,Nucleus,2,91
1995,1397,564,False,Nucleus,2,91
1996,1402,566,False,Nucleus,2,91
1997,1397,564,False,Nucleus,2,91
1998,1403,567,False,Nucleus,2,91
1999,1402,565,False,Nucleus,2,91
2000,1397,564,False,Nucleus,2,91
2001,1403,567,False,Nucleus,2,91
2002,1400,563,False,Nucleus,2,91
2003,1403,564,False,Nucleus,2,91
2004,1397,564,False,Nucleus,2,91
2005,1402,567,False,Nucleus,2,91
2006,1399,567,False,Nucleus,2,91
2007,1400,563,False,Nucleus,2,91
2008,1350,566,False,Cytoplasm,2,91
2009,1352,567,False,Cytoplasm,2,91
2010,1454,622,False,Cytoplasm,2,91
2011,1455,623,False,Cytoplasm,2,91
2012,1481,627,False,Cytoplasm,2,91
2013,1484,628,False,Cytoplasm,2,91
2014,204,555,False,Cytoplasm,4,93
2015,647,938,False,Cytoplasm,3,93
2016,494,1018,False,Cytoplasm,3,93
2017,1052,1338,False,Cytoplasm,1,93
2018,1191,1491,False,Cytoplasm,1,93
2019,1128,1506,False,Cytoplasm,1,93
2020,1377,278,False,Nucleus,2,93
2021,1278,324,False,Cytoplasm,2,93
2022,1278,329,False,Cytoplasm,2,93
2023,1117,1487,False,Cytoplasm,1,93
2024,1271,322,False,Cytoplasm,2,93
2025,1273,329,False,Cytoplasm,2,93
2026,1270,326,False,Cytoplasm,2,93
2027,1274,322,False,Cytoplasm,2,93
2028,1093,1397,False,Nucleus,1,93
2029,1095,1399,False,Nucleus,1,93
2030,476,756,False,Cytoplasm,1,94
2031,445,771,False,Cytoplasm,1,94
2032,463,789,False,Cytoplasm,1,94
2033,414,925,False,Cytoplasm,1,94
2034,395,947,False,Cytoplasm,1,94
2035,379,958,False,Cytoplasm,1,94
2036,311,1004,False,Nucleus,1,94
2037,349,1014,False,Nucleus,1,94
2038,378,1019,False,Nucleus,1,94
2039,358,1066,False,Nucleus,1,94
2040,290,1094,False,Nucleus,1,94
2041,242,1113,False,Cytoplasm,1,94
2042,1267,1156,False,Cytoplasm,2,94
2043,1184,1158,False,Cytoplasm,2,94
2044,307,1160,False,Cytoplasm,1,94
2045,1154,1163,False,Cytoplasm,2,94
2046,1166,1165,False,Cytoplasm,2,94
2047,1121,1180,False,Cytoplasm,2,94
2048,1167,1202,False,Cytoplasm,2,94
2049,1182,1205,False,Nucleus,2,94
2050,1110,1216,False,Cytoplasm,2,94
2051,1106,1225,False,Cytoplasm,2,94
2052,1093,1227,False,Cytoplasm,2,94
2053,1134,1234,False,Cytoplasm,2,94
2054,206,1239,False,Cytoplasm,1,94
2055,1105,1270,False,Cytoplasm,2,94
2056,1154,1271,False,Nucleus,2,94
2057,1104,1307,False,Cytoplasm,2,94
2058,1118,1308,False,Cytoplasm,2,94
2059,1144,1314,False,Cytoplasm,2,94
2060,1090,1321,False,Cytoplasm,2,94
2061,1112,1322,False,Cytoplasm,2,94
2062,1115,1348,False,Cytoplasm,2,94
2063,1142,1364,False,Cytoplasm,2,94
2064,1612,1399,False,Cytoplasm,3,94
2065,1612,1404,False,Nucleus,3,94
2066,1587,1431,False,Nucleus,3,94
2067,1591,1436,False,Nucleus,3,94
2068,1595,1444,False,Nucleus,3,94
2069,1628,1444,False,Nucleus,3,94
2070,1685,1451,False,Cytoplasm,3,94
2071,1689,1455,False,Cytoplasm,3,94
2072,1706,1458,False,Cytoplasm,3,94
2073,1612,1461,False,Nucleus,3,94
2074,1664,1468,False,Nucleus,3,94
2075,1615,1475,False,Nucleus,3,94
2076,1657,1479,False,Nucleus,3,94
2077,1650,1496,False,Nucleus,3,94
2078,1685,1496,False,Nucleus,3,94
2079,1657,1499,False,Nucleus,3,94
2080,1627,1504,False,Nucleus,3,94
2081,1644,1510,False,Nucleus,3,94
2082,1626,1514,False,Nucleus,3,94
2083,1633,1515,False,Nucleus,3,94
2084,1676,1520,False,Nucleus,3,94
2085,1610,1529,False,Nucleus,3,94
2086,1637,1536,False,Nucleus,3,94
2087,1652,1543,False,Nucleus,3,94
2088,490,752,False,Cytoplasm,1,94
2089,1184,1140,False,Cytoplasm,2,94
2090,1246,1162,False,Cytoplasm,2,94
2091,1171,1229,False,Nucleus,2,94
2092,1264,1256,False,Nucleus,2,94
2093,1133,1307,False,Cytoplasm,2,94
2094,1594,1413,False,Nucleus,3,94
2095,1644,1434,False,Nucleus,3,94
2096,1593,1440,False,Nucleus,3,94
2097,1685,1452,False,Cytoplasm,3,94
2098,1686,1456,False,Cytoplasm,3,94
2099,1689,1456,False,Cytoplasm,3,94
2100,1704,1456,False,Cytoplasm,3,94
2101,1708,1460,False,Cytoplasm,3,94
2102,1650,1484,False,Nucleus,3,94
2103,1617,1489,False,Nucleus,3,94
2104,1655,1491,False,Nucleus,3,94
2105,1636,1493,False,Nucleus,3,94
2106,1658,1499,False,Nucleus,3,94
2107,1600,1502,False,Nucleus,3,94
2108,1688,1504,False,Nucleus,3,94
2109,1626,1505,False,Nucleus,3,94
2110,1596,1508,False,Nucleus,3,94
2111,1593,1515,False,Nucleus,3,94
2112,1617,1509,False,Nucleus,3,94
2113,1626,1515,False,Nucleus,3,94
2114,1604,1530,False,Nucleus,3,94
2115,336,1025,False,Nucleus,1,94
2116,335,1026,False,Nucleus,1,94
2117,332,1022,False,Nucleus,1,94
2118,334,1024,False,Nucleus,1,94
2119,336,1025,False,Nucleus,1,94
2120,331,1023,False,Nucleus,1,94
2121,333,1022,False,Nucleus,1,94
2122,335,1026,False,Nucleus,1,94
2123,330,1024,False,Nucleus,1,94
2124,299,1034,False,Nucleus,1,94
2125,304,1032,False,Nucleus,1,94
2126,299,1034,False,Nucleus,1,94
2127,304,1032,False,Nucleus,1,94
2128,298,1032,False,Nucleus,1,94
2129,300,1032,False,Nucleus,1,94
2130,304,1032,False,Nucleus,1,94
2131,299,1034,False,Nucleus,1,94
2132,306,1031,False,Nucleus,1,94
2133,298,1032,False,Nucleus,1,94
2134,304,1032,False,Nucleus,1,94
2135,300,1034,False,Nucleus,1,94
2136,303,1030,False,Nucleus,1,94
2137,306,1033,False,Nucleus,1,94
2138,300,1032,False,Nucleus,1,94
2139,298,1034,False,Nucleus,1,94
2140,306,1031,False,Nucleus,1,94
2141,302,1037,False,Nucleus,1,94
2142,301,1030,False,Nucleus,1,94
2143,307,1037,False,Nucleus,1,94
2144,303,1035,False,Nucleus,1,94
2145,298,1036,False,Nucleus,1,94
2146,374,1034,False,Nucleus,1,94
2147,374,1034,False,Nucleus,1,94
2148,375,1034,False,Nucleus,1,94
2149,373,1033,False,Nucleus,1,94
2150,376,1032,False,Nucleus,1,94
2151,372,1032,False,Nucleus,1,94
2152,376,1030,False,Nucleus,1,94
2153,376,1035,False,Nucleus,1,94
2154,1619,1428,False,Nucleus,3,94
2155,1615,1427,False,Nucleus,3,94
2156,1614,1424,False,Nucleus,3,94
2157,1619,1428,False,Nucleus,3,94
2158,1612,1427,False,Nucleus,3,94
2159,1618,1424,False,Nucleus,3,94
2160,1626,1423,False,Nucleus,3,94
2161,1617,1427,False,Nucleus,3,94
2162,1611,1425,False,Nucleus,3,94
2163,1631,1421,False,Nucleus,3,94
2164,1622,1425,False,Nucleus,3,94
2165,1614,1423,False,Nucleus,3,94
2166,1638,1424,False,Nucleus,3,94
2167,1626,1417,False,Nucleus,3,94
2168,1608,1419,False,Nucleus,3,94
2169,1609,1427,False,Nucleus,3,94
2170,1615,1429,False,Nucleus,3,94
2171,1605,1420,False,Nucleus,3,94
2172,1625,1413,False,Nucleus,3,94
2173,1626,1425,False,Nucleus,3,94
2174,1618,1422,False,Nucleus,3,94
2175,1622,1427,False,Nucleus,3,94
2176,1630,1422,False,Nucleus,3,94
2177,1607,1425,False,Nucleus,3,94
2178,1623,1430,False,Nucleus,3,94
2179,1620,1410,False,Nucleus,3,94
2180,1628,1427,False,Nucleus,3,94
2181,1619,1428,False,Nucleus,3,94
2182,1636,1425,False,Nucleus,3,94
2183,1616,1425,False,Nucleus,3,94
2184,1621,1416,False,Nucleus,3,94
2185,1622,1422,False,Nucleus,3,94
2186,1611,1428,False,Nucleus,3,94
2187,1633,1426,False,Nucleus,3,94
2188,1639,1427,False,Nucleus,3,94
2189,1612,1424,False,Nucleus,3,94
2190,1604,1422,False,Nucleus,3,94
2191,1635,1421,False,Nucleus,3,94
2192,1608,1422,False,Nucleus,3,94
2193,1629,1424,False,Nucleus,3,94
2194,1617,1430,False,Nucleus,3,94
2195,1614,1427,False,Nucleus,3,94
2196,1617,1419,False,Nucleus,3,94
2197,1629,1418,False,Nucleus,3,94
2198,1625,1428,False,Nucleus,3,94
2199,1625,1414,False,Nucleus,3,94
2200,1626,1423,False,Nucleus,3,94
2201,1620,1413,False,Nucleus,3,94
2202,1619,1426,False,Nucleus,3,94
2203,1605,1425,False,Nucleus,3,94
2204,1626,1417,False,Nucleus,3,94
2205,1606,1419,False,Nucleus,3,94
2206,1630,1415,False,Nucleus,3,94
2207,1629,1428,False,Nucleus,3,94
2208,1640,1424,False,Nucleus,3,94
2209,1622,1420,False,Nucleus,3,94
2210,1632,1420,False,Nucleus,3,94
2211,1622,1411,False,Nucleus,3,94
2212,1617,1422,False,Nucleus,3,94
2213,1638,1429,False,Nucleus,3,94
2214,1617,1415,False,Nucleus,3,94
2215,1602,1419,False,Nucleus,3,94
2216,1621,1424,False,Nucleus,3,94
2217,1633,1425,False,Nucleus,3,94
2218,1613,1420,False,Nucleus,3,94
2219,1635,1432,False,Nucleus,3,94
2220,1620,1431,False,Nucleus,3,94
2221,1609,1427,False,Nucleus,3,94
2222,1621,1417,False,Nucleus,3,94
2223,1626,1431,False,Nucleus,3,94
2224,1617,1412,False,Nucleus,3,94
2225,1614,1423,False,Nucleus,3,94
2226,1608,1419,False,Nucleus,3,94
2227,1606,1412,False,Nucleus,3,94
2228,1608,1423,False,Nucleus,3,94
2229,1641,1431,False,Nucleus,3,94
2230,1636,1422,False,Nucleus,3,94
2231,1615,1429,False,Nucleus,3,94
2232,1626,1420,False,Nucleus,3,94
2233,1623,1430,False,Nucleus,3,94
2234,1603,1416,False,Nucleus,3,94
2235,1630,1422,False,Nucleus,3,94
2236,1632,1430,False,Nucleus,3,94
2237,1625,1425,False,Nucleus,3,94
2238,1620,1410,False,Nucleus,3,94
2239,1640,1426,False,Nucleus,3,94
2240,1591,1416,False,Nucleus,3,94
2241,1593,1417,False,Nucleus,3,94
2242,1597,1417,False,Nucleus,3,94
2243,1592,1414,False,Nucleus,3,94
2244,1592,1419,False,Nucleus,3,94
2245,1595,1414,False,Nucleus,3,94
2246,1588,1449,False,Nucleus,3,94
2247,1587,1448,False,Nucleus,3,94
2248,1587,1465,False,Nucleus,3,94
2249,1586,1466,False,Nucleus,3,94
2250,1587,1465,False,Nucleus,3,94
2251,1586,1466,False,Nucleus,3,94
2252,1584,1463,False,Nucleus,3,94
2253,1587,1465,False,Nucleus,3,94
2254,1588,1467,False,Nucleus,3,94
2255,1584,1463,False,Nucleus,3,94
2256,1582,1460,False,Nucleus,3,94
2257,1585,1468,False,Nucleus,3,94
2258,1580,1464,False,Nucleus,3,94
2259,1587,1465,False,Nucleus,3,94
2260,1584,1461,False,Nucleus,3,94
2261,1575,1491,False,Nucleus,3,94
2262,1588,1467,False,Nucleus,3,94
2263,1585,1468,False,Nucleus,3,94
2264,1582,1460,False,Nucleus,3,94
2265,1585,1465,False,Nucleus,3,94
2266,1588,1463,False,Nucleus,3,94
2267,1580,1464,False,Nucleus,3,94
2268,1580,1458,False,Nucleus,3,94
2269,1584,1463,False,Nucleus,3,94
2270,1575,1491,False,Nucleus,3,94
2271,1587,1461,False,Nucleus,3,94
2272,1590,1466,False,Nucleus,3,94
2273,1577,1494,False,Nucleus,3,94
2274,1580,1460,False,Nucleus,3,94
2275,1584,1459,False,Nucleus,3,94
2276,1587,1468,False,Nucleus,3,94
2277,1579,1468,False,Nucleus,3,94
2278,1581,1465,False,Nucleus,3,94
2279,1582,1456,False,Nucleus,3,94
2280,1586,1470,False,Nucleus,3,94
2281,1574,1476,False,Nucleus,3,94
2282,1575,1483,False,Nucleus,3,94
2283,1574,1489,False,Nucleus,3,94
2284,1589,1464,False,Nucleus,3,94
2285,1575,1494,False,Nucleus,3,94
2286,1580,1462,False,Nucleus,3,94
2287,1585,1465,False,Nucleus,3,94
2288,1578,1457,False,Nucleus,3,94
2289,1589,1468,False,Nucleus,3,94
2290,1577,1476,False,Nucleus,3,94
2291,1588,1461,False,Nucleus,3,94
2292,1584,1470,False,Nucleus,3,94
2293,1586,1482,False,Nucleus,3,94
2294,1575,1485,False,Nucleus,3,94
2295,1576,1464,False,Nucleus,3,94
2296,1571,1477,False,Nucleus,3,94
2297,1584,1461,False,Nucleus,3,94
2298,1591,1471,False,Nucleus,3,94
2299,1581,1480,False,Nucleus,3,94
2300,1582,1466,False,Nucleus,3,94
2301,1587,1472,False,Nucleus,3,94
2302,1577,1490,False,Nucleus,3,94
2303,1583,1473,False,Nucleus,3,94
2304,1581,1457,False,Nucleus,3,94
2305,1574,1461,False,Nucleus,3,94
2306,1577,1483,False,Nucleus,3,94
2307,1576,1470,False,Nucleus,3,94
2308,1575,1479,False,Nucleus,3,94
2309,1586,1458,False,Nucleus,3,94
2310,1577,1494,False,Nucleus,3,94
2311,1579,1468,False,Nucleus,3,94
2312,1579,1474,False,Nucleus,3,94
2313,1571,1492,False,Nucleus,3,94
2314,1586,1490,False,Nucleus,3,94
2315,1585,1468,False,Nucleus,3,94
2316,1582,1462,False,Nucleus,3,94
2317,1570,1472,False,Nucleus,3,94
2318,1590,1466,False,Nucleus,3,94
2319,1576,1473,False,Nucleus,3,94
2320,1576,1487,False,Nucleus,3,94
2321,1584,1483,False,Nucleus,3,94
2322,1578,1459,False,Nucleus,3,94
2323,1597,1485,False,Nucleus,3,94
2324,1578,1479,False,Nucleus,3,94
2325,1594,1465,False,Nucleus,3,94
2326,1585,1479,False,Nucleus,3,94
2327,1574,1493,False,Nucleus,3,94
2328,1586,1463,False,Nucleus,3,94
2329,1579,1483,False,Nucleus,3,94
2330,1588,1459,False,Nucleus,3,94
2331,1583,1457,False,Nucleus,3,94
2332,1572,1478,False,Nucleus,3,94
2333,1592,1496,False,Nucleus,3,94
2334,1580,1465,False,Nucleus,3,94
2335,1592,1476,False,Nucleus,3,94
2336,1592,1459,False,Nucleus,3,94
2337,1574,1482,False,Nucleus,3,94
2338,1579,1488,False,Nucleus,3,94
2339,1591,1470,False,Nucleus,3,94
2340,1574,1489,False,Nucleus,3,94
2341,1589,1485,False,Nucleus,3,94
2342,1576,1468,False,Nucleus,3,94
2343,1578,1497,False,Nucleus,3,94
2344,1585,1491,False,Nucleus,3,94
2345,1576,1464,False,Nucleus,3,94
2346,1592,1462,False,Nucleus,3,94
2347,1579,1455,False,Nucleus,3,94
2348,1574,1476,False,Nucleus,3,94
2349,1584,1473,False,Nucleus,3,94
2350,1593,1490,False,Nucleus,3,94
2351,1582,1451,False,Nucleus,3,94
2352,1583,1480,False,Nucleus,3,94
2353,1578,1477,False,Nucleus,3,94
2354,1580,1460,False,Nucleus,3,94
2355,1577,1452,False,Nucleus,3,94
2356,1589,1464,False,Nucleus,3,94
2357,1574,1461,False,Nucleus,3,94
2358,1588,1471,False,Nucleus,3,94
2359,1580,1470,False,Nucleus,3,94
2360,1596,1475,False,Nucleus,3,94
2361,1573,1486,False,Nucleus,3,94
2362,1584,1468,False,Nucleus,3,94
2363,1574,1471,False,Nucleus,3,94
2364,1576,1457,False,Nucleus,3,94
2365,1587,1483,False,Nucleus,3,94
2366,1577,1491,False,Nucleus,3,94
2367,1584,1459,False,Nucleus,3,94
2368,1597,1496,False,Nucleus,3,94
2369,1594,1467,False,Nucleus,3,94
2370,1584,1463,False,Nucleus,3,94
2371,1580,1475,False,Nucleus,3,94
2372,1584,1487,False,Nucleus,3,94
2373,1572,1491,False,Nucleus,3,94
2374,1582,1495,False,Nucleus,3,94
2375,1588,1494,False,Nucleus,3,94
2376,1574,1496,False,Nucleus,3,94
2377,1577,1485,False,Nucleus,3,94
2378,1588,1467,False,Nucleus,3,94
2379,1585,1477,False,Nucleus,3,94
2380,1570,1472,False,Nucleus,3,94
2381,1579,1480,False,Nucleus,3,94
2382,1585,1455,False,Nucleus,3,94
2383,1591,1478,False,Nucleus,3,94
2384,1685,1459,False,Cytoplasm,3,94
2385,1683,1461,False,Nucleus,3,94
2386,1685,1459,False,Cytoplasm,3,94
2387,1684,1470,False,Nucleus,3,94
2388,1686,1467,False,Nucleus,3,94
2389,1682,1470,False,Nucleus,3,94
2390,1596,1475,False,Nucleus,3,94
2391,1597,1477,False,Nucleus,3,94
2392,1690,1482,False,Nucleus,3,94
2393,1689,1485,False,Nucleus,3,94
2394,1691,1485,False,Nucleus,3,94
2395,1672,1486,False,Nucleus,3,94
2396,1672,1486,False,Nucleus,3,94
2397,1668,1489,False,Nucleus,3,94
2398,1665,1491,False,Nucleus,3,94
2399,1670,1492,False,Nucleus,3,94
2400,1687,1490,False,Nucleus,3,94
2401,1684,1488,False,Nucleus,3,94
2402,1689,1488,False,Nucleus,3,94
2403,1684,1490,False,Nucleus,3,94
2404,1690,1490,False,Nucleus,3,94
2405,1593,1490,False,Nucleus,3,94
2406,1593,1492,False,Nucleus,3,94
2407,1586,1490,False,Nucleus,3,94
2408,1585,1491,False,Nucleus,3,94
2409,1671,1495,False,Nucleus,3,94
2410,1672,1496,False,Nucleus,3,94
2411,1671,1493,False,Nucleus,3,94
2412,1581,1494,False,Nucleus,3,94
2413,1597,1496,False,Nucleus,3,94
2414,1596,1495,False,Nucleus,3,94
2415,1592,1496,False,Nucleus,3,94
2416,1592,1496,False,Nucleus,3,94
2417,1645,1502,False,Nucleus,3,94
2418,1646,1502,False,Nucleus,3,94
2419,1581,1505,False,Nucleus,3,94
2420,1580,1506,False,Nucleus,3,94
2421,1692,1521,False,Cytoplasm,3,94
2422,1691,1524,False,Cytoplasm,3,94
2423,1689,1529,False,Cytoplasm,3,94
2424,1695,1522,False,Cytoplasm,3,94
2425,1688,1523,False,Cytoplasm,3,94
2426,1688,1519,False,Cytoplasm,3,94
2427,1690,1527,False,Cytoplasm,3,94
2428,1693,1519,False,Cytoplasm,3,94
2429,1693,1511,False,Cytoplasm,3,94
2430,1688,1513,False,Nucleus,3,94
2431,1687,1529,False,Cytoplasm,3,94
2432,1686,1516,False,Nucleus,3,94
2433,1692,1524,False,Cytoplasm,3,94
2434,1696,1511,False,Cytoplasm,3,94
2435,1692,1529,False,Cytoplasm,3,94
2436,1687,1526,False,Cytoplasm,3,94
2437,1690,1534,False,Cytoplasm,3,94
2438,1694,1507,False,Cytoplasm,3,94
2439,1690,1516,False,Cytoplasm,3,94
2440,1691,1521,False,Cytoplasm,3,94
2441,1695,1522,False,Cytoplasm,3,94
2442,1687,1522,False,Cytoplasm,3,94
2443,1685,1531,False,Cytoplasm,3,94
2444,1692,1512,False,Cytoplasm,3,94
2445,1695,1519,False,Cytoplasm,3,94
2446,1691,1508,False,Nucleus,3,94
2447,1688,1534,False,Cytoplasm,3,94
2448,1685,1510,False,Nucleus,3,94
2449,1695,1513,False,Cytoplasm,3,94
2450,1693,1526,False,Cytoplasm,3,94
2451,1690,1530,False,Cytoplasm,3,94
2452,1686,1515,False,Nucleus,3,94
2453,1687,1519,False,Cytoplasm,3,94
2454,1687,1507,False,Nucleus,3,94
2455,1696,1509,False,Cytoplasm,3,94
2456,1685,1524,False,Cytoplasm,3,94
2457,1692,1516,False,Cytoplasm,3,94
2458,1581,1510,False,Nucleus,3,94
2459,1581,1509,False,Nucleus,3,94
2460,1588,1511,False,Nucleus,3,94
2461,1588,1509,False,Nucleus,3,94
2462,1681,1510,False,Nucleus,3,94
2463,1591,1514,False,Nucleus,3,94
2464,1591,1514,False,Nucleus,3,94
2465,1662,1524,False,Nucleus,3,94
2466,1664,1523,False,Nucleus,3,94
2467,1662,1524,False,Nucleus,3,94
2468,1655,1526,False,Nucleus,3,94
2469,1660,1527,False,Nucleus,3,94
2470,1662,1514,False,Nucleus,3,94
2471,1664,1519,False,Nucleus,3,94
2472,1665,1522,False,Nucleus,3,94
2473,1659,1516,False,Nucleus,3,94
2474,1662,1516,False,Nucleus,3,94
2475,1662,1527,False,Nucleus,3,94
2476,1656,1526,False,Nucleus,3,94
2477,1668,1521,False,Nucleus,3,94
2478,1660,1521,False,Nucleus,3,94
2479,1668,1526,False,Nucleus,3,94
2480,1655,1522,False,Nucleus,3,94
2481,1668,1518,False,Nucleus,3,94
2482,1660,1518,False,Nucleus,3,94
2483,1665,1525,False,Nucleus,3,94
2484,1604,1525,False,Nucleus,3,94
2485,1602,1525,False,Nucleus,3,94
2486,1602,1522,False,Nucleus,3,94
2487,1603,1526,False,Nucleus,3,94
2488,1669,1525,False,Nucleus,3,94
2489,1632,1533,False,Nucleus,3,94
2490,1629,1533,False,Nucleus,3,94
2491,1629,1537,False,Nucleus,3,94
2492,1625,1532,False,Nucleus,3,94
2493,1632,1534,False,Nucleus,3,94
2494,1626,1536,False,Nucleus,3,94
2495,1629,1529,False,Nucleus,3,94
2496,1634,1533,False,Nucleus,3,94
2497,1622,1533,False,Nucleus,3,94
2498,1635,1537,False,Nucleus,3,94
2499,1631,1540,False,Nucleus,3,94
2500,1627,1534,False,Nucleus,3,94
2501,1632,1530,False,Nucleus,3,94
2502,1625,1537,False,Nucleus,3,94
2503,1629,1537,False,Nucleus,3,94
2504,1629,1532,False,Nucleus,3,94
2505,1634,1539,False,Nucleus,3,94
2506,1625,1530,False,Nucleus,3,94
2507,1623,1534,False,Nucleus,3,94
2508,1633,1536,False,Nucleus,3,94
2509,1655,1535,False,Nucleus,3,94
2510,1658,1532,False,Nucleus,3,94
2511,1659,1535,False,Nucleus,3,94
2512,1656,1536,False,Nucleus,3,94
2513,1661,1541,False,Nucleus,3,94
2514,1657,1543,False,Nucleus,3,94
2515,1659,1540,False,Nucleus,3,94
2516,1662,1538,False,Nucleus,3,94
2517,1659,1543,False,Nucleus,3,94
2518,1636,1544,False,Nucleus,3,94
2519,1635,1542,False,Nucleus,3,94
2520,1660,1548,False,Nucleus,3,94
2521,1660,1548,False,Nucleus,3,94
2522,1658,1548,False,Nucleus,3,94
2523,921,293,False,Nucleus,1,99
2524,818,330,False,Cytoplasm,1,99
2525,691,434,False,Cytoplasm,2,99
2526,990,249,False,Cytoplasm,1,99
2527,819,330,False,Cytoplasm,1,99
2528,848,334,False,Nucleus,1,99
2529,852,337,False,Nucleus,1,99
2530,853,355,False,Cytoplasm,1,99
2531,848,363,False,Cytoplasm,1,99
2532,688,435,False,Cytoplasm,2,99
2533,581,483,False,Nucleus,2,99
2534,957,254,False,Nucleus,1,99
2535,847,328,False,Nucleus,1,99
2536,555,482,False,Cytoplasm,2,99
